YGR288W	YCR065W	YDR026C	YDR049W	YER040W	YLR228C	YJL110C	YGL254W	YGL209W	YCL066W	YJL056C	YOR140W	YDL170W	YPL248C	YCR096C	YLR098C	YCR040W	YDR310C	YHR006W	YKL020C	YFL021W	YML099C	YPR199C	YML113W	YDR421W	YDR101C	YML065W	YOR315W	YPL253C	YNL142W	YHR135C	YDR039C	YIL144W	YBL111C	YMR087W	YMR098C	YNR068C	YJR010CA	YPL216W	YNL108C	YLR048W	YJR011C	YER107C	YJR157W	YGL169W	YMR202W	YHR109W	YNL339C	YJR080C	YLL048C
0.5373840	0.9996900	0.9597107	0.5077492	0.6891664	0.7316582	0.6209848	0.0129925	0.7127287	0.4538907	1.0000000	0.4627444	0.9983324	0.6748254	0.2214024	1.0000000	0.5905338	0.5657807	1.0000000	1.0000000	0.5083719	0.7268142	0.8069706	1.0000000	1.0000000	0.0194118	0.3337014	0.4361121	0.9948001	0.2153428	0.9963052	0.8505302	0.8103201	0.4598831	0.9413949	0.0226916	0.3695179	0.1890833	0.5907895	0.3953603	0.3444347	0.0218087	0.0027297	0.7270326	0.7965777	0.2232556	0.9584017	0.3948100	0.4732152	0.7001576
0.6525247	0.9187918	0.9516808	0.5850443	1.0000000	0.7995171	0.6239257	0.0119281	0.5849672	0.4713988	0.9082933	0.7497901	0.9993237	0.5101938	0.0323729	1.0000000	0.7218624	0.7076972	1.0000000	1.0000000	0.2479963	0.9726134	0.6449365	0.9289994	1.0000000	0.0194118	0.4423721	0.6408169	0.9948847	0.6644990	0.9942186	0.9094278	0.8600749	0.7357534	0.6975879	0.4643340	0.5347515	0.2959751	0.9952432	0.4225937	0.4422024	0.0407997	0.2387566	0.4506422	0.5748839	0.1921726	0.9353491	0.0000044	0.4732152	0.5218421
0.7502170	0.9187918	0.9400038	0.4935966	1.0000000	0.6803185	0.8488523	0.0119281	0.5661676	0.5003488	1.0000000	0.5488625	0.9993085	0.6547238	0.0003077	0.6786420	0.6122173	0.6505735	1.0000000	1.0000000	0.1876702	0.9898626	1.0000000	1.0000000	1.0000000	0.0048577	0.3899960	0.7350149	0.9948843	0.7912852	0.9942186	0.8427105	0.7955537	0.5607439	0.8334323	0.4465807	0.5347497	0.2034581	0.7893194	0.3528291	0.1724247	0.3280682	0.0332572	0.6804302	0.5604602	0.2591428	0.9353491	0.3689556	0.3142391	0.9007959
0.5092406	0.9187102	0.9399911	0.4935835	0.8512638	0.8078924	0.6121593	0.0003100	0.5660567	0.4266179	0.8928140	0.6897690	0.9951758	0.6457369	0.0379419	0.8954760	0.6035519	0.5287560	1.0000000	1.0000000	0.3161483	0.9365245	0.7934759	0.8668718	1.0000000	0.0194118	0.4519182	0.8255583	0.9947913	0.5177898	0.9942186	0.9012460	0.7955369	0.7635445	0.8678059	0.3714922	0.4518083	0.3174069	0.8926077	0.3557786	0.2637974	0.3433711	0.2387612	0.4995881	0.7688396	0.0455540	0.9462231	0.4046345	0.3625401	0.4936199
0.6800618	0.9998499	0.9505208	0.6560385	0.8867661	0.7317495	0.7396214	0.0120680	0.7092248	0.5510798	1.0000000	0.6771902	0.9990210	0.6777191	0.0974186	0.9584319	0.3555848	0.6594206	1.0000000	0.7141702	0.2368703	0.9768341	1.0000000	1.0000000	1.0000000	0.0194118	0.3899960	0.5727341	0.9945510	0.4957017	0.9942186	0.9164741	0.8103471	0.7930195	0.8491864	0.3362623	0.4734328	0.1237239	0.9961702	0.3953092	0.5977841	0.0012509	0.2354692	0.4947512	0.9583286	0.2231898	0.9584353	0.1215905	0.4732152	0.8400568
0.5091815	0.9185514	0.9399673	0.5540003	0.7183653	0.6801460	0.7656156	0.0007969	0.5658471	0.6183650	0.6854512	0.5905620	0.9980587	0.7941216	0.0382917	1.0000000	0.3450220	0.6238517	0.8118276	1.0000000	0.4141047	0.7813189	0.8890488	0.9353103	1.0000000	0.0100524	0.5992652	0.6801275	0.9948564	0.3223956	0.9973331	0.8426825	0.8700585	0.7565830	0.8022240	0.2413736	0.3651973	0.2030659	0.6683363	0.4141397	0.2980961	0.0419373	0.0765205	0.5928505	0.9398160	0.2592850	0.9442491	0.3011683	0.4732152	0.8150231
0.5374653	0.9999200	0.9657309	0.6605616	1.0000000	0.7317901	0.9259096	0.0119281	0.6904950	0.4317307	0.8756922	0.6571747	0.9956754	0.6931934	0.0317729	0.8228324	0.6415586	0.6216144	1.0000000	0.9931594	0.2479963	0.9726134	0.8263409	0.8093023	0.6357724	0.0055599	0.4627032	0.5944634	0.9948192	0.4518081	0.9469265	0.8505645	0.8103597	0.8180702	0.9827833	0.0676713	0.5343030	0.1980620	0.9949294	0.3952869	0.2899874	0.0134533	0.2354671	0.5812125	0.6247152	0.1950409	0.9703792	0.1187454	0.7873798	0.9084630
0.5374704	0.9999358	0.9675421	0.5132819	1.0000000	0.7317990	0.6614904	0.0000914	0.6636164	0.4203640	1.0000000	0.3609604	0.9994263	0.4056182	0.0004301	1.0000000	0.5234709	0.7005699	0.8985644	0.8365196	0.2479963	0.7783302	0.9660616	0.9427498	1.0000000	0.0062837	0.3378110	0.6505862	0.8528437	0.6644990	0.9942186	0.9146685	0.8103624	0.5344080	0.6546362	0.2894072	0.5439916	0.2234056	0.8597800	0.3555856	0.6105307	0.0329855	0.0036482	0.7409716	0.5433410	0.0181583	0.9839231	0.3147764	0.4732152	0.6061762
0.6188866	0.9999124	0.9505278	0.5011887	1.0000000	0.7877399	0.8964805	0.0001223	0.6635909	0.5781119	1.0000000	0.6633568	0.9956754	0.7153876	0.4867865	1.0000000	0.4445555	0.7044032	1.0000000	1.0000000	0.1813416	0.9910363	1.0000000	0.9101018	1.0000000	0.0194118	0.3579224	0.6385996	0.9948026	0.5860287	0.9942186	0.9044498	0.8103576	0.3375236	0.8853948	0.1565096	0.5343020	0.1928286	0.9213999	0.3952894	0.5433589	0.0435935	0.0635898	0.6637510	0.7818500	0.1536792	0.9765403	0.3512722	0.4732152	0.8939242
0.5091750	0.9185337	0.9399647	0.4935626	0.7085686	0.7117378	0.6212039	0.0128136	0.5658239	0.3012526	1.0000000	0.7756884	0.9941615	0.4154063	0.0060388	0.7931234	0.2514162	0.5872345	1.0000000	0.9854462	0.4869765	0.7562925	1.0000000	1.0000000	1.0000000	0.0058646	0.3899960	0.4544623	0.9947682	0.2127448	0.9942186	0.9498026	0.8568862	0.5405232	0.6573166	0.1822506	0.5149791	0.3177198	0.7980930	0.4226863	0.5351799	0.1532339	0.2387708	0.5913659	0.5429282	0.2417468	0.9352495	0.4008566	0.3931982	0.5603784
0.7686770	0.9999150	0.9550720	0.5699552	0.8334929	0.9091975	0.8421134	0.0003467	0.6635939	0.2978123	0.8221731	0.6790157	0.9950882	0.4617578	0.0268035	1.0000000	0.7035753	0.6842472	1.0000000	0.9341137	0.3654484	0.8972703	0.7443834	1.0000000	0.9198916	0.0194118	0.4772392	0.6156236	0.9947918	0.4221912	0.9911427	0.9227188	0.8103580	0.3716900	0.6965966	0.0171694	0.5239618	0.1867497	0.9506584	0.3952885	0.3297571	0.0153484	0.2354673	0.7571856	0.3046854	0.1023773	0.9584488	0.3683741	0.4591218	0.8582529
0.6136400	0.9187918	0.9427190	0.4955649	1.0000000	0.6803185	0.6953137	0.0119281	0.5661676	0.5583094	0.4084404	0.6790882	0.9956753	0.6729625	0.0178232	0.8604387	0.5471707	0.5151622	1.0000000	0.8902002	0.2479963	0.7767519	1.0000000	1.0000000	1.0000000	0.0194118	0.8282807	0.5669112	0.7756986	0.6644990	0.9958132	0.9274120	0.7955537	0.5831911	0.9066435	0.4153046	0.5343019	0.2450176	0.6982078	0.4225937	0.2693854	0.2969639	0.0075927	0.4506422	0.7979145	0.2591428	0.9353491	0.4170559	0.2381834	0.7592280
0.6918402	0.9999257	0.9505293	0.5011898	1.0000000	0.7317926	0.8660598	0.0119281	0.8660304	0.3863064	1.0000000	0.4292797	0.9956754	0.3442329	0.0160739	1.0000000	0.6474339	0.6841658	0.7477722	0.7367797	0.2479963	0.8681234	0.7534789	0.9020850	1.0000000	0.0058353	0.2886620	0.6887858	0.9948026	0.5747065	0.9962132	0.9252791	0.8103598	0.8128329	0.6456089	0.0459163	0.5343020	0.1188387	0.9949294	0.2677171	0.2979444	0.1364226	0.0041494	0.7534193	0.4539829	0.2231601	0.9724365	0.3555700	0.3401198	0.8755467
0.6898945	0.9187173	0.9546154	0.5041220	0.8601900	0.7133237	0.5586652	0.0121219	0.6675133	0.5975399	1.0000000	0.4465651	0.9952170	0.7121082	0.2467928	0.9254775	0.3362683	0.6031966	1.0000000	0.7194342	0.0984020	0.9990208	0.8432148	0.9897986	0.8974116	0.0194118	0.2626228	0.5357849	0.9947955	0.9795157	0.9899184	0.8427028	0.8548636	0.4085170	0.7858353	0.8481232	0.7601348	0.1022059	0.9418947	0.3110451	0.0616068	0.0530404	0.0061214	0.4506000	0.6191700	0.2408094	0.9605674	0.4095125	0.5319391	0.3618159
0.7078773	0.9999118	0.9635172	0.6413775	1.0000000	0.7337913	0.6239328	0.0119281	0.6635905	0.2084606	1.0000000	0.6633074	0.9993053	0.7153820	0.0834952	0.7630764	0.3512320	0.9999916	1.0000000	0.5320413	0.2479963	0.8350908	0.9204497	1.0000000	1.0000000	0.0194118	0.3899960	0.8626159	0.6746152	0.6644990	0.9964631	0.9593380	0.8785312	0.4358433	0.7825957	0.4149876	0.5347497	0.2234255	0.7147024	0.3952896	0.3095255	0.3290701	0.2154820	0.6193579	0.6960126	0.2220253	0.9584483	0.3942427	0.4732152	0.5219333
0.5879046	0.9999308	0.9505299	0.5617309	1.0000000	0.8045731	0.6007555	0.0001226	0.6636110	0.5778985	1.0000000	0.3651152	0.9993240	0.7153696	0.3610488	1.0000000	0.8304344	0.6312976	0.4562122	0.3970728	0.1540123	0.7682842	0.8314887	1.0000000	0.9555726	0.0760217	0.3664038	0.8530319	0.8205866	0.5642887	0.9957192	0.9588385	0.8551532	0.7739712	0.8663245	0.7075580	0.5460815	0.2234189	0.8571831	0.3952835	0.1563351	0.2723801	0.0962752	0.4947936	0.7151281	0.1827493	0.9584522	0.3980269	0.3031299	0.4660795
0.5374603	0.9999049	0.9792866	0.6380778	1.0000000	0.7672805	0.8640411	0.0119281	0.6700798	0.3790409	1.0000000	0.7241870	0.9956754	0.5645766	0.5122482	0.9102820	0.2102833	0.6354689	0.9121302	1.0000000	0.1246456	0.6149616	1.0000000	0.5241880	0.9287861	0.0213874	0.3308418	0.6001974	0.9948048	0.9477832	0.9915757	0.8505631	0.8314610	0.2976608	0.7584824	0.5938355	0.5343030	0.1423357	0.9530808	0.2633255	0.1020244	0.2142617	0.2283692	0.6469299	0.9908651	0.1180480	0.9584469	0.2543737	0.3842818	0.8741591
0.6180007	0.9187924	0.9482361	0.4995538	1.0000000	0.6803260	0.8717371	0.0001320	0.6430130	0.4498905	0.8375889	0.7541758	0.9956754	0.5015105	0.2474976	1.0000000	0.6681547	0.5657809	0.8220259	0.9041238	0.2479963	0.8959803	1.0000000	0.7552463	1.0000000	0.0082948	0.4498592	0.6916157	0.7017383	0.6644990	0.9942186	0.8511040	0.8228316	0.7610571	0.7223695	0.2914067	0.5343020	0.2399605	0.9952431	0.3278154	0.2655250	0.0282934	0.2231221	0.4506471	0.6095960	0.2591024	0.9353531	0.3737588	0.4306543	0.9137781
0.8312867	0.9999124	0.9505278	0.5011900	1.0000000	0.7317874	0.8596616	0.0119281	0.6635916	0.5668926	1.0000000	0.6133398	0.9993272	0.6967530	0.0372882	0.9902926	0.4946072	0.5625590	1.0000000	1.0000000	0.2122886	0.8987229	0.9792433	1.0000000	0.9685961	0.0125305	0.3899960	0.5831488	0.9948856	0.7652870	0.9932105	0.9245787	0.8103602	0.6776923	0.7818778	0.2699390	0.5347531	0.2234032	0.6634075	0.3507006	0.4626083	0.2018708	0.2354674	0.5869751	0.9729297	0.0955724	0.9673431	0.2984011	0.4978588	0.9001119
0.8171790	0.9998610	0.9505220	0.6506119	0.8818775	0.7317557	0.7756909	0.0002782	0.8089825	0.3831629	1.0000000	0.8339403	0.9953095	0.3173179	0.1715054	1.0000000	0.5900346	0.7159013	1.0000000	0.6456907	0.3262990	0.9294396	0.6193210	0.8401458	1.0000000	0.0055229	0.2800865	0.6076416	0.8227373	0.4931460	0.9962837	0.8505463	0.8925601	0.2826831	0.7369143	0.0351437	0.4701291	0.1397882	0.8794640	0.3953057	0.3830657	0.0546306	0.1143132	0.6368846	0.7446113	0.2231870	0.9584375	0.3315781	0.3645814	0.8273488
0.7046290	0.9187939	0.9400093	0.4936265	1.0000000	0.8146401	0.5902045	0.0001380	0.7589144	0.5475218	0.6374428	0.4701102	0.9993233	0.6367498	0.0282631	1.0000000	0.7480084	0.8204973	1.0000000	0.8359845	0.1047014	0.9987626	1.0000000	1.0000000	1.0000000	0.0194118	0.3154811	0.7632681	0.8210496	0.7707621	0.9942186	0.9014160	0.7955599	0.6768627	0.9869478	0.8478959	0.5347516	0.1135340	0.8599366	0.3898252	0.0800380	0.0072501	0.0186780	0.5954140	0.6131035	0.1811434	0.9529438	0.4148102	0.3981691	0.4400911
0.7854414	0.9359694	0.9551406	0.6899357	0.8219434	0.6921189	0.5908864	0.0122223	0.7288139	0.5626727	1.0000000	0.6834668	0.9988115	0.6615394	0.1066489	1.0000000	0.8422074	0.6674592	0.8506871	1.0000000	0.2645986	0.6439018	1.0000000	1.0000000	0.7984293	0.0232928	0.3899960	0.7138164	0.9948802	0.5658341	0.9811997	0.9131192	0.8545765	0.9296929	0.7497573	0.3803123	0.6375290	0.1793107	0.9929134	0.3613726	0.2191436	0.0404702	0.2378855	0.6106768	0.7384808	0.2509391	0.9547461	0.4039201	0.6443840	0.4414571
0.8984795	0.9986844	0.9564405	0.5054208	0.4848242	0.7310839	0.5716998	0.0209799	0.6622586	0.3424343	0.9483389	0.4295292	0.9885468	0.7164808	0.0179511	0.7844807	0.4618612	0.6866115	1.0000000	0.5718664	0.6120051	0.5788627	1.0000000	1.0000000	1.0000000	0.0194118	0.3697108	0.3644736	0.9770927	0.2264767	0.9974737	0.8504400	0.8101508	0.9762377	0.7613075	0.2220779	0.1944987	0.1743187	0.5305182	0.2318754	0.5887255	0.3384907	0.2355040	0.6236020	0.9084530	0.2236561	0.9581901	0.4039544	0.4732152	0.3938809
0.6944345	0.9999141	0.9505280	0.6104567	1.0000000	0.7788398	0.8477064	0.0000901	0.7894174	0.3470357	1.0000000	0.7034303	0.9956754	0.6122234	0.3847876	1.0000000	0.2119497	0.5708538	1.0000000	1.0000000	0.2479963	0.9726134	0.9427422	0.7527812	0.6319362	0.0059752	0.3899960	0.5776114	0.9948195	0.6019560	0.9340511	0.8505558	0.8682516	0.5869737	0.7521426	0.2555827	0.5343023	0.1048317	0.9949294	0.3778307	0.2923038	0.3841966	0.2354673	0.6992838	0.9964696	0.1967918	0.9584487	0.3582557	0.7907239	0.8625300
0.5092722	0.9187918	0.9422661	0.6258533	1.0000000	0.6803185	0.7035289	0.0119281	0.5661676	0.6058570	0.9860712	0.6161343	0.9994252	0.7487485	0.2648996	1.0000000	0.4953541	0.5657808	0.6767691	1.0000000	0.2426020	0.8435399	0.9562168	0.8856329	1.0000000	0.0181555	0.3974993	0.8159238	0.9948869	0.5490605	0.9942186	0.8427105	0.7955537	0.9060138	0.7954662	0.3323758	0.7614710	0.2740102	0.9106013	0.4225937	0.2713650	0.0715696	0.2387566	0.5460790	0.6349579	0.2591428	0.9501297	0.1722126	0.4004694	0.7271350
0.5089868	0.9180229	0.9552661	0.5045828	0.5575899	0.7696502	0.8530126	0.0035633	0.5651530	0.5910034	0.7244152	0.6366909	0.9914555	0.7946657	0.2220453	1.0000000	0.4838160	0.7649108	0.6027598	1.0000000	0.6654655	0.5060076	0.6439281	1.0000000	1.0000000	0.0412906	0.4690534	0.4896180	0.9947058	0.1301395	0.9942186	0.9086479	0.8138579	0.9199177	0.8866165	0.2037724	0.4754097	0.3185240	0.2679498	0.4228678	0.4752200	0.0798698	0.2387985	0.4502022	0.4720868	0.2088895	0.9350558	0.3823611	0.4732152	0.8664537
0.7075315	0.9997675	0.9599079	0.5078893	0.7811609	0.8250163	0.7608193	0.0123711	0.6900608	0.3401411	1.0000000	0.5846049	0.9987735	0.6935457	0.0252837	0.9583127	0.8402954	0.5516184	1.0000000	0.8249122	0.4049418	0.8576483	0.9970448	0.7462975	1.0000000	0.0194118	0.2074314	0.7233629	0.9948724	0.3316771	0.9965907	0.9099846	0.8103331	0.6219046	0.8562454	0.0291226	0.5612374	0.1726695	0.5665417	0.3953356	0.4525735	0.0762090	0.0142773	0.4947081	0.3570632	0.1225762	0.9686077	0.3468932	0.4732152	0.7752595
0.5091421	0.9184441	0.9445736	0.4969012	0.6670459	0.7407462	0.8907513	0.0132429	0.5657065	0.6236753	0.7553891	0.6375867	0.9973250	0.7916203	0.0916926	0.7701867	0.1168759	0.4770922	1.0000000	1.0000000	0.4452827	0.7723118	1.0000000	0.8840845	0.6935806	0.0059220	0.5456893	0.4059281	0.9948524	0.1106361	0.9598229	0.8426713	0.8517630	0.5477951	0.8422934	0.0133464	0.3288097	0.3178564	0.8670124	0.4214417	0.3109764	0.0097407	0.0073358	0.5518229	0.9995667	0.2252714	0.9352157	0.3493106	0.4291173	0.9171966
0.5092462	0.9187254	0.9399933	0.4935851	0.8717645	0.7218364	0.6216038	0.0120971	0.6715672	0.4403378	0.9336707	0.7214994	0.9993778	0.5706370	0.0006191	1.0000000	0.6825381	0.7429267	1.0000000	1.0000000	0.3341299	0.9235054	1.0000000	0.6809498	0.7074391	0.0053397	0.4271683	0.7669555	0.5880259	0.4778820	0.9710905	0.8427015	0.7955399	0.5739180	0.8165973	0.3018536	0.5936542	0.1369130	0.9722810	0.4226180	0.2791844	0.5004909	0.1319644	0.4506027	0.6960796	0.2360040	0.9353225	0.1255454	0.7260009	0.6440325
0.5092681	0.9187806	0.9403841	0.4938727	0.9718140	0.6803107	0.7613940	0.0119531	0.6025549	0.4805158	0.8664447	0.5846902	0.9956051	0.5495793	0.0145147	1.0000000	0.0241573	0.6006144	0.9767679	1.0000000	0.2543719	0.6495546	1.0000000	0.9478397	0.9647007	0.0056257	0.4059548	0.5771582	0.8896326	0.6547097	0.9930690	0.9045714	0.7955515	0.7659646	0.8007117	0.3442763	0.5199107	0.2316588	0.9944670	0.2667172	0.2345703	0.0446675	0.0036213	0.6220380	0.7739199	0.1140528	0.9353449	0.0164075	0.5000956	0.8354842
0.5991510	0.9187593	0.9439351	0.5817097	0.9266363	0.7521829	0.7213927	0.0000779	0.7212973	0.2224216	1.0000000	0.6811477	0.9993477	0.6677211	0.0149036	1.0000000	0.4657063	0.5657808	1.0000000	0.8723525	0.2737715	0.9613245	0.8906535	1.0000000	0.5787300	0.0194118	0.2413340	0.6623630	0.8385050	0.5005477	0.8960049	0.8427071	0.8703360	0.7263009	0.7709529	0.2722691	0.5099579	0.1837629	0.7482941	0.4226052	0.4967006	0.1835840	0.0737018	0.4506238	0.8304336	0.2187035	0.9353368	0.1310877	0.7356614	0.7179723
0.5683538	0.9999118	0.9505277	0.5011886	0.8368785	0.7317846	0.6167135	0.0002317	0.6635904	0.5912057	0.8731028	0.5460674	0.9987852	0.7153886	0.2500509	0.8442058	0.4481651	0.7234912	1.0000000	1.0000000	0.3450918	0.9148658	0.8739569	1.0000000	0.6625938	0.0043208	0.4643736	0.5959949	0.9115738	0.4656023	0.9486829	0.8505503	0.8946788	0.4998123	0.8999210	0.2284314	0.4433531	0.2234408	0.7152249	0.3297475	0.2804387	0.0104683	0.2150866	0.7116722	0.6561332	0.2231673	0.9584481	0.0532435	0.3577165	0.7487623
0.6603782	0.9999016	0.9806180	0.7124557	0.9337862	0.7317788	0.8303174	0.0100462	0.6635793	0.0300744	0.9286919	0.8548110	0.9954950	0.3095632	0.0349152	1.0000000	0.9656475	0.6488235	0.4482400	1.0000000	0.1724500	0.9925343	0.9675495	0.7990501	1.0000000	0.0792694	0.4301076	0.5844325	0.6801870	0.8748102	0.9942186	0.8636819	0.8883674	0.5167857	0.7616116	0.4394048	0.5020356	0.2234488	0.9600401	0.3304564	0.2097079	0.0462701	0.1286166	0.4947778	0.5640596	0.2231709	0.9715587	0.2504182	0.2506473	0.8785683
0.7691652	0.9998174	0.9505170	0.7073783	0.8359109	0.7919118	0.8341894	0.0121820	0.7228511	0.5492707	0.7122796	0.6815046	0.9951006	0.6664798	0.3961514	1.0000000	0.3436161	0.5665611	0.9371468	0.5832694	0.3633881	0.8151923	0.6295147	0.6308664	0.6179781	0.0073945	0.5782936	0.5134409	0.9948076	0.3802252	0.9344984	0.8505418	0.9087038	0.6413613	0.7453399	0.0209824	0.4423770	0.1319803	0.9522116	0.3601603	0.4189515	0.4866056	0.2354702	0.6126556	0.9445638	0.1896077	0.9683229	0.2224421	0.8022431	0.8894210
0.5374633	0.9999140	0.9505280	0.5223707	1.0000000	0.7648299	0.6219222	0.0001331	0.6635929	0.5781307	1.0000000	0.6633717	0.9993588	0.7153800	0.1508454	0.5713052	0.7695946	0.4153456	1.0000000	0.8054994	0.2401525	0.9755493	0.8757849	0.8771719	1.0000000	0.0060138	0.3899960	0.7091483	0.9948855	0.6633367	0.9959199	0.9226896	0.8103587	0.7602592	0.7877106	0.4323201	0.5987885	0.1768436	0.9958168	0.3952888	0.4257219	0.4919453	0.1358200	0.4947862	0.7993427	0.1443169	0.9684675	0.1574726	0.3916676	0.7231515
0.7175432	0.9999473	0.9505318	0.6482862	1.0000000	0.7637069	0.5925431	0.0001052	0.7946536	0.3839814	0.7527068	0.9109263	0.9993372	0.2206496	0.4400781	0.7732781	0.5334948	0.4784897	0.7902498	0.7053452	0.1163697	0.9981884	0.9530380	0.6076554	1.0000000	0.0078218	0.5476651	0.5629454	0.6628256	0.9578209	0.9963558	0.8505588	0.8583850	0.6959918	0.9094138	0.7872801	0.5347533	0.1089464	0.9535949	0.3952782	0.0975363	0.1081491	0.1182447	0.4948022	0.6043704	0.2052127	0.9734403	0.4065111	0.4077015	0.4889104
0.7861132	0.9999180	0.9520303	0.7265863	1.0000000	0.8365419	0.6239328	0.0000898	0.7014116	0.5377875	1.0000000	0.6747920	0.9956754	0.6841807	0.0912207	1.0000000	0.6359882	0.5657821	1.0000000	0.9455679	0.2479963	0.9726134	1.0000000	0.9533000	0.9295494	0.0048141	0.3899960	0.5763822	0.9937775	0.6545172	0.9930775	0.8505643	0.8838962	0.7037323	0.7815324	0.3951927	0.5809347	0.1037518	0.9949294	0.3952876	0.2527086	0.1813015	0.1404497	0.8374380	0.6256305	0.1660536	0.9584496	0.0661408	0.4710208	0.6984069
0.8943791	0.9997417	0.9505085	0.5011748	0.7709474	0.8110380	0.7919040	0.0005704	0.6634060	0.4048869	1.0000000	0.8117965	0.9987210	0.3917407	0.0002788	1.0000000	0.6833123	0.5657807	0.4650610	1.0000000	0.4226364	0.8377657	0.7063842	1.0000000	1.0000000	0.0504961	0.3899960	0.7195071	0.6988403	0.2797092	0.9942186	0.9088482	0.8103288	0.8059307	0.7358255	0.2229434	0.4010083	0.1671088	0.5098291	0.3953438	0.3115236	0.0455664	0.2354724	0.4946947	0.5408418	0.1793008	0.9888600	0.2197016	0.4732152	0.8648308
0.5374649	0.9999188	0.9505285	0.5011897	0.9999682	0.8382853	0.6033603	0.0000628	0.6635981	0.5941281	1.0000000	0.6633732	0.9993292	0.7153758	0.1022245	1.0000000	0.3917520	0.5657821	1.0000000	0.9350717	0.1651768	0.9361672	0.8224900	0.9840543	0.7659173	0.0194118	0.3899960	0.5763721	0.9948932	0.8798242	0.9764826	0.8782458	0.8103595	0.4125745	0.9300348	0.6649729	0.5347368	0.1525371	0.7061659	0.3795237	0.3898903	0.0486076	0.1091269	0.7540837	0.9486150	0.0663402	0.9584498	0.3975701	0.6734886	0.5833168
0.5712778	0.9185205	0.9672166	0.7861140	0.7016319	0.6801242	0.6940397	0.0006003	0.6639570	0.4031474	1.0000000	0.8202161	0.9981664	0.3767421	0.0156052	0.7508001	0.4363565	0.7198771	1.0000000	1.0000000	0.4945553	0.4979354	1.0000000	1.0000000	1.0000000	0.0194118	0.2112349	0.6114475	0.9948589	0.2615716	0.9942186	0.8930657	0.8415731	0.8697602	0.7918375	0.0675468	0.3535004	0.1228526	0.5193572	0.3904465	0.3301009	0.0075974	0.0051855	0.5407495	0.4942037	0.2592999	0.9599532	0.3903612	0.2534858	0.8053378
0.6843549	0.9184968	0.9410341	0.4943387	0.6899967	0.7518138	0.6209965	0.0008492	0.5657755	0.5439999	1.0000000	0.5310570	0.9975892	0.7941770	0.0413092	1.0000000	0.6827313	0.6827710	1.0000000	1.0000000	0.5074439	0.7281098	0.7429756	0.8070191	0.8966560	0.0194118	0.3899960	0.5354273	0.6981223	0.2420337	0.9945265	0.8997206	0.8517964	0.4177067	0.8962879	0.2449438	0.3452314	0.2048716	0.3078039	0.3669036	0.4954783	0.0824509	0.1268778	0.6423055	0.8970589	0.0265279	0.9491384	0.2121157	0.3427601	0.7063009
0.6445683	0.9999052	0.9545966	0.5041036	0.8316100	0.8144580	0.8815125	0.0121939	0.8484194	0.4203123	0.5672615	0.6331839	0.9989118	0.4369994	0.0144842	1.0000000	0.2920507	0.5657808	1.0000000	1.0000000	0.3670605	0.6543787	1.0000000	0.7138226	0.6164108	0.0038949	0.5371393	0.6199403	0.8829185	0.2848599	0.9340846	0.9055595	0.9190888	0.9079029	0.9274553	0.2124088	0.5193683	0.1247690	0.9494195	0.3082935	0.2926686	0.3439175	0.1756707	0.6649830	0.9206107	0.1182170	0.9722371	0.3544691	0.8035111	0.9510507
0.7049753	0.9988950	0.9527223	0.5804363	0.5154407	0.7312042	0.6094051	0.0063193	0.7348909	0.4426634	0.9799932	0.5279649	0.9946735	0.6565704	0.0030884	1.0000000	0.7805226	0.7883346	1.0000000	1.0000000	0.7172396	0.4412293	0.6038012	0.6591618	1.0000000	0.0194118	0.4008233	0.5550903	0.9947799	0.1125714	0.9942186	0.9038492	0.8288582	0.7552132	0.9392740	0.0084986	0.2171079	0.1268534	0.3776616	0.3162114	0.3600211	0.4543615	0.2354977	0.4942548	0.1555798	0.2033030	0.9582345	0.3972524	0.3786234	0.4869510
0.7698286	0.9187038	0.9523557	0.6208591	0.8433769	0.6802540	0.6782149	0.0121622	0.7058440	0.5267117	1.0000000	0.6761696	0.9951379	0.6804906	0.0006741	0.9399630	0.9012268	0.5451360	0.7649589	0.6225202	0.3388612	0.5827995	1.0000000	0.7331981	0.9196460	0.0131524	0.2545934	0.5117090	0.6090234	0.4774908	0.9935797	0.9227171	0.8055815	0.8241845	0.7488901	0.2673037	0.4469844	0.1934377	0.8193471	0.4226257	0.5644365	0.0973093	0.2387615	0.6494473	0.7767933	0.0348257	0.9477719	0.0000027	0.5381401	0.6995048
0.8301033	0.9999249	0.9505292	0.5494291	1.0000000	0.7317921	0.5983671	0.0119281	0.6636046	0.5946362	1.0000000	0.6632956	0.9995073	0.7153770	0.3131527	0.9988923	0.5901902	0.7042155	1.0000000	0.6214451	0.1435244	0.6822493	1.0000000	0.8651397	1.0000000	0.0194118	0.2377372	0.6384923	0.5110403	0.9202750	0.9942186	0.8545761	0.8752103	0.7300917	0.7734841	0.3422389	0.6182073	0.2234295	0.9316873	0.3952854	0.1387634	0.0410412	0.2354670	0.4947899	0.3395907	0.2231617	0.9584509	0.3183902	0.4732152	0.4796662
0.5374636	0.9999261	0.9505294	0.7568094	1.0000000	0.8123143	0.9136202	0.0119281	0.6636059	0.5779203	0.7638050	0.2180634	0.9993342	0.7153737	0.0001696	1.0000000	0.8340927	0.5657812	0.9218547	0.9180233	0.2479963	0.8593850	0.9438560	0.8582366	1.0000000	0.0079130	0.5394815	0.5787753	0.7630875	0.6644990	0.9942186	0.9020717	0.8103601	0.5785149	0.7849773	0.2726863	0.6564867	0.2234229	0.9949294	0.3952850	0.2614460	0.0599694	0.2354669	0.6465194	0.4458387	0.0904560	0.9746365	0.2390125	0.4732152	0.9271664
0.5374620	0.9999098	0.9691288	0.6467950	0.9846592	0.7317843	0.6234733	0.0000888	0.7161816	0.5455287	0.9516531	0.6794073	0.9956384	0.6719957	0.0231495	1.0000000	0.0238388	0.5657821	0.9825408	1.0000000	0.2568784	0.4632309	1.0000000	0.8394851	0.9181805	0.0063261	0.2930142	0.8906798	0.9948044	0.3911315	0.9925171	0.8505636	0.8103580	0.5466311	0.7230946	0.2594165	0.5265774	0.1869702	0.9937606	0.3104632	0.2686467	0.4256148	0.1201096	0.4947841	0.9997720	0.1627575	0.9782719	0.1985141	0.5333967	0.5207578
0.5374521	0.9998970	0.9505261	0.7142508	0.8998633	0.7904993	0.8762959	0.0000937	0.7505343	0.0939903	1.0000000	0.6154137	0.9953791	0.6230812	0.1908386	1.0000000	0.2849171	0.5842771	1.0000000	0.9647082	0.3128488	0.9387821	0.9457775	1.0000000	0.9002140	0.0044698	0.2953664	0.7921700	0.9947990	0.5199794	0.9928730	0.8505495	0.8842750	0.6491473	0.8294442	0.0297182	0.7800979	0.1435419	0.9798930	0.3952943	0.2869800	0.2205547	0.0716390	0.4947754	0.9819021	0.1628910	0.9734053	0.2633387	0.4103554	0.8821395
0.7583347	0.9187924	0.9428091	0.7831791	1.0000000	0.7393893	0.9161020	0.0119281	0.6724508	0.5645386	1.0000000	0.6660917	0.9956754	0.7079791	0.5405913	1.0000000	0.1650651	0.5657809	1.0000000	0.9155366	0.2479963	0.5597325	0.8422474	1.0000000	1.0000000	0.0194118	0.3899960	0.5763376	0.9948026	0.5008010	0.9955630	0.9084006	0.8440651	0.4415170	0.7655392	0.0671458	0.5343020	0.2165287	0.9952431	0.4137049	0.4571776	0.1729930	0.2387563	0.4506471	0.9973206	0.0492575	0.9612061	0.3607426	0.4369431	0.9039614
0.5092713	0.9187893	0.9793160	0.5539470	0.9933243	0.6803168	0.6501901	0.0119336	0.5661643	0.6373753	0.5517852	0.6369611	0.9994782	0.7938277	0.1099157	0.9673516	0.5020830	0.5547551	0.8739747	1.0000000	0.2355733	0.9771687	0.7915307	0.6386654	0.9949706	0.0089404	0.6345560	0.6066323	0.9948883	0.3897850	0.9940710	0.9043037	0.8523482	0.4115463	0.8068240	0.3909333	0.5314125	0.3171938	0.5830035	0.4225946	0.6884707	0.0892882	0.0076551	0.4506408	0.6025674	0.2591440	0.9755495	0.4125170	0.4771088	0.5817867
