YLR451W	YKL038W	YER028C	YGL181W	YNL103W	YIR017C	YDR253C	YKL015W	YOR344C	YDL020C	YHR006W	YML007W	YGL254W	YGL013C	YOR032C	YPL038W	YBL005W	YOR140W	YER040W	YOR113W	YFL021W	YCR040W	YLR098C	YJL056C	YDL170W	YFL017C	YEL072W	YLL034C	YGL255W	YFL056C	YCR041W	YML048W	YPL251W	YAL022C	YOR328W	YDR210WD	YFR030W	YOL041C	YNR007C	YDL027C	YJR110W	YER002W	YOL013WB	YNL142W	YMR196W	YJR138W	YLR373C	YPR170C	YDR077W	YCR006C
0.5000000	0.1649390	0.9976637	0.3677344	0.3562015	0.3003984	1.0000000	0.3477023	1.0000000	0.5377256	0.5346686	0.8242081	0.9905461	0.2181110	1.0000000	1.0000000	0.8999902	0.6870077	1.0000000	1.0000000	0.2888749	0.4858823	1.0000000	1.0000000	0.7040237	0.3455792	0.2098218	0.3351482	0.5569882	0.5148334	0.9590163	0.8629355	0.3255872	0.1654150	0.8357522	0.9297232	0.4513987	0.9709109	0.7583011	0.5415601	0.9961292	0.6343702	0.1960695	0.5527374	0.9951959	0.7068156	0.0444562	0.4968302	0.3521238	0.0331660
1.0000000	0.3743152	0.9498383	0.1704563	0.7971883	0.3003904	1.0000000	0.3477017	1.0000000	0.5377276	0.5346686	0.8242076	0.9905460	0.2181109	1.0000000	1.0000000	0.8999887	0.6870070	1.0000000	1.0000000	0.2888749	0.4858823	1.0000000	1.0000000	0.7040237	0.3455792	0.1057800	0.7795738	0.5569882	0.5148353	0.9590163	0.8629351	0.3255866	0.1654161	0.8357545	0.9297232	0.6457836	0.9987838	0.7583008	0.5415601	0.9961292	0.6343702	0.0054511	0.5527374	0.9951959	0.7068156	0.0444562	0.4968330	0.3318220	0.0331660
1.0000000	0.7486291	0.2899203	0.1704578	0.7971883	0.3003904	1.0000000	0.3477047	1.0000000	0.5377128	0.5346686	0.8242094	0.9905468	0.2181120	1.0000000	1.0000000	0.8999996	0.6870115	1.0000000	1.0000000	0.2888749	0.4858823	1.0000000	1.0000000	0.7040237	0.3455792	0.1057796	0.7795808	0.5569882	0.5148229	0.9590163	0.8629400	0.3255905	0.1654078	0.8357398	0.9297232	0.6457836	0.9987838	0.7583028	0.5415601	0.9961296	0.6343702	0.0054511	0.5527374	0.9951959	0.7068156	0.0444562	0.4968153	0.3318220	0.0331660
1.0000000	0.7486291	0.5798312	0.0852285	0.7971883	0.3003904	1.0000000	0.3477028	1.0000000	0.5377267	0.5346686	0.8242091	0.9905460	0.2181105	1.0000000	1.0000000	0.8999898	0.6870077	1.0000000	1.0000000	0.2888749	0.4858823	1.0000000	1.0000000	0.7040237	0.3455792	0.0656680	0.7795739	0.5569882	0.5148337	0.9590163	0.8629343	0.3255870	0.1654154	0.8357523	0.9297232	0.6457836	0.9999322	0.7583008	0.5415601	0.9961292	0.6343702	0.0054511	0.5527374	0.9951959	0.7068156	0.0444562	0.4968302	0.3318220	0.0331660
1.0000000	0.7486291	0.5798312	0.1704565	0.3985957	0.3003956	1.0000000	0.3477023	1.0000000	0.5377254	0.5346686	0.8242081	0.9905461	0.2181110	1.0000000	1.0000000	0.8999904	0.6870078	1.0000000	1.0000000	0.2888749	0.4858823	1.0000000	1.0000000	0.7040237	0.3455792	0.1057799	0.3992262	0.5569882	0.5148333	0.9590163	0.8629357	0.3255872	0.1654149	0.8357521	0.9297232	0.4663086	0.9987838	0.7583011	0.5415601	0.9961292	0.6343702	0.0054511	0.5527374	0.9951959	0.7068156	0.0444562	0.4968301	0.3318220	0.0331660
1.0000000	0.7486291	0.5798312	0.1704563	0.7971883	0.1501952	1.0000000	0.3477017	1.0000000	0.5377276	0.5346686	0.8242076	0.9905460	0.2181109	1.0000000	1.0000000	0.8999887	0.6870070	1.0000000	1.0000000	0.2888749	0.4858823	1.0000000	1.0000000	0.7040237	0.3455792	0.1057800	0.7795738	0.5569882	0.5148353	0.9590163	0.8629351	0.3255866	0.1654161	0.8357545	0.9297232	0.3406086	0.9987838	0.7583008	0.5415601	0.9961292	0.6343702	0.0054511	0.5527374	0.9951959	0.7068156	0.0444562	0.4968330	0.3318220	0.0331660
1.0000000	0.7486291	0.5798312	0.1704564	0.7971883	0.1793238	0.5000000	0.3477030	1.0000000	0.5377258	0.5346686	0.8242093	0.9905453	0.2181105	1.0000000	1.0000000	0.8999905	0.6870078	1.0000000	1.0000000	0.2888749	0.4858823	1.0000000	1.0000000	0.7040237	0.3455792	0.1511535	0.7795743	0.4296719	0.5148329	0.9590163	0.8629345	0.3255872	0.1654150	0.8357513	0.9297232	0.3708019	0.9987838	0.7583009	0.5415601	0.9961292	0.6343702	0.0054511	0.5527374	0.9951959	0.7072062	0.0867161	0.4968291	0.3318211	0.0331660
1.0000000	0.7486291	0.5798312	0.1606752	0.7971883	0.3003904	1.0000000	0.1738520	1.0000000	0.5377253	0.5346686	0.8242083	0.9714347	0.2181109	1.0000000	1.0000000	0.8999905	0.6837741	1.0000000	1.0000000	0.2888749	0.4858823	1.0000000	1.0000000	0.7040237	0.3455792	0.1007046	0.5587366	0.5569882	0.5148331	0.9590163	0.8629355	0.3255873	0.1682957	0.8357517	0.9297232	0.6457836	0.9990489	0.7583011	0.5415601	0.9961292	0.6343702	0.0054511	0.5527374	0.9951959	0.7068156	0.0444562	0.4968296	0.3318220	0.0331660
1.0000000	0.7486291	0.5798312	0.1833060	0.7971883	0.3003904	1.0000000	0.4322088	0.5000000	0.5377253	0.3968693	0.8242083	0.9947151	0.2181109	1.0000000	1.0000000	0.8999905	0.6876925	1.0000000	1.0000000	0.2888749	0.5662168	1.0000000	1.0000000	0.7040237	0.1507118	0.1124874	0.8138509	0.5569882	0.5148331	0.9061507	0.8629355	0.3255873	0.1648058	0.8357517	0.9297232	0.6459507	0.9983576	0.7583011	0.2327405	0.9961292	0.6343702	0.0054511	0.5527374	0.9738182	0.7069124	0.0444562	0.4968296	0.3318220	0.0331660
1.0000000	0.7486291	0.5798312	0.1618712	0.7971883	0.3003904	1.0000000	0.2227498	1.0000000	0.3243183	0.5346686	0.6385678	0.9777747	0.3563151	1.0000000	1.0000000	0.7006981	0.6473624	1.0000000	1.0000000	0.2888749	0.4858823	1.0000000	1.0000000	0.7040237	0.3455792	0.1013196	0.6569300	0.5569882	0.7531378	0.9590163	0.9786463	0.2545583	0.3115108	0.9650729	0.9297232	0.6457836	0.9990192	0.7093419	0.5415601	0.9914036	0.6343702	0.0054511	0.5527374	0.9951959	0.7068156	0.0444562	0.7516427	0.3318220	0.0331822
1.0000000	0.7486291	0.5798312	0.1704563	0.7971883	0.3003904	1.0000000	0.3477017	1.0000000	0.5377276	0.2673343	0.8242076	0.9905460	0.2181109	1.0000000	1.0000000	0.8999887	0.6870070	1.0000000	1.0000000	0.2888749	0.5954657	1.0000000	1.0000000	0.7040237	0.0963753	0.1057800	0.7795738	0.5569882	0.5148353	0.7944921	0.8629351	0.3255866	0.1654161	0.8357545	0.9297232	0.6457836	0.9987838	0.7583008	0.5415601	0.9961292	0.6343702	0.0054511	0.5527374	0.9951959	0.7068156	0.0444562	0.4968330	0.3318220	0.0331660
1.0000000	0.7486291	0.5798312	0.2047431	0.7971883	0.3003904	1.0000000	0.5203298	1.0000000	0.7559182	0.5346686	0.4803535	0.9969547	0.1528002	1.0000000	1.0000000	0.9601529	0.7532059	1.0000000	1.0000000	0.2888749	0.4858823	1.0000000	1.0000000	0.7040237	0.3455792	0.1240180	0.8335156	0.5569882	0.4931839	0.9590163	0.6273807	0.3461882	0.1185831	0.6066680	0.9297232	0.6457836	0.9973951	0.7699847	0.5415601	0.9792240	0.6343702	0.0054511	0.5527374	0.9951959	0.7068156	0.0444562	0.3051817	0.3318220	0.0331635
1.0000000	0.7486291	0.5798312	0.1704563	0.7971883	0.3003904	1.0000000	0.3477028	1.0000000	0.5377267	0.5346686	0.8242091	0.4952908	0.2181105	1.0000000	1.0000000	0.8999898	0.5143736	1.0000000	1.0000000	0.2888749	0.4858823	1.0000000	1.0000000	0.7040237	0.3455792	0.1057799	0.7795739	0.5569882	0.5148337	0.9590163	0.8629343	0.3255870	0.3096225	0.8357523	0.9297232	0.6457836	0.9987838	0.7583008	0.5415601	0.9961292	0.6343702	0.0054511	0.5527374	0.9951959	0.7068156	0.0444562	0.4968302	0.3318220	0.0331660
1.0000000	0.7486291	0.5798312	0.1704563	0.7971883	0.3003904	1.0000000	0.3477017	1.0000000	0.5377276	0.5346686	0.8242076	0.9905460	0.1090557	1.0000000	1.0000000	0.9839740	0.8313399	1.0000000	1.0000000	0.2888749	0.4858823	1.0000000	1.0000000	0.7040237	0.3455792	0.1057800	0.7795738	0.5569882	0.5148353	0.9590163	0.8629351	0.3537963	0.1007387	0.3514560	0.9297232	0.6457836	0.9987838	0.7742825	0.5415601	0.9961292	0.6343702	0.0054511	0.5527374	0.9951959	0.7068156	0.0444562	0.1698786	0.3318220	0.0331660
1.0000000	0.7486291	0.5798312	0.1704565	0.7971883	0.3003904	1.0000000	0.3477028	1.0000000	0.5377253	0.8238101	0.8242088	0.9905461	0.2181107	0.5000000	1.0000000	0.8999906	0.6870080	1.0000000	1.0000000	0.2888749	0.2556605	1.0000000	1.0000000	0.7040237	0.8359138	0.1057798	0.7795746	0.5569882	0.5148328	0.9871624	0.8629351	0.3255873	0.1654147	0.8357513	0.9297232	0.6457836	0.9987838	0.7583010	0.5415601	0.9961292	0.6343702	0.0054511	0.5527374	0.9951959	0.7068156	0.0444562	0.4968291	0.3318220	0.0331660
1.0000000	0.7486291	0.5798312	0.1704563	0.7971883	0.3803758	1.0000000	0.3477028	1.0000000	0.5377267	0.5346686	0.8242091	0.9905436	0.2359471	1.0000000	0.5000059	0.8787460	0.6774836	1.0000000	1.0000000	0.2888749	0.4858823	1.0000000	1.0000000	0.7040237	0.3455792	0.1396639	0.8915411	0.4925218	0.5148337	0.9590163	0.8629343	0.3180911	0.1812227	0.8694084	0.9297232	0.7009646	0.9987838	0.7539604	0.5415601	0.9961292	0.6343702	0.0054511	0.5527374	0.9951959	0.5145330	0.0444562	0.5415128	0.3318220	0.0331660
1.0000000	0.7486291	0.5798312	0.1704563	0.7971883	0.3003904	1.0000000	0.3477017	1.0000000	0.5377276	0.5346686	0.8242076	0.9905460	0.2181109	1.0000000	1.0000000	0.4499956	0.6870070	1.0000000	1.0000000	0.2888749	0.4858823	1.0000000	1.0000000	0.7040237	0.3455792	0.1057800	0.7795738	0.5569882	0.5148353	0.9590163	0.8629351	0.3255866	0.1654161	0.8437635	0.9297232	0.6457836	0.9987838	0.6111065	0.5415601	0.9961292	0.6343702	0.0054511	0.5527374	0.9951959	0.7068156	0.0444562	0.4968330	0.3318220	0.0331660
1.0000000	0.7486291	0.5798312	0.1704564	0.7971883	0.3003904	1.0000000	0.3476997	1.0000000	0.5377276	0.5346686	0.8242045	0.9905461	0.2181122	1.0000000	1.0000000	0.8999877	0.3435031	1.0000000	1.0000000	0.2888749	0.4858823	1.0000000	1.0000000	0.7040237	0.3455792	0.1057802	0.7795745	0.5569882	0.5148369	0.9590163	0.8629376	0.3255863	0.1654166	0.8357574	0.9297232	0.6457836	0.9987838	0.7583012	0.5415601	0.9961291	0.6343702	0.0054511	0.5527374	0.9951959	0.7068156	0.0444562	0.4968365	0.3318220	0.0331660
1.0000000	0.7486291	0.5798312	0.1704565	0.7971883	0.3003904	1.0000000	0.3477023	1.0000000	0.5377254	0.5346686	0.8242081	0.9420500	0.2181110	1.0000000	1.0000000	0.8999904	0.6784888	0.5000000	1.0000000	0.3657321	0.6691346	1.0000000	1.0000000	0.2292494	0.3455792	0.1057799	0.7785147	0.6486051	0.5148333	0.9800110	0.8629357	0.7894580	0.1730048	0.8357521	0.2195065	0.6457836	0.9987838	0.7583011	0.5415601	0.9780136	0.6427104	0.0054511	0.7205360	0.9951959	0.7068156	0.0444562	0.4968301	0.4723160	0.0331660
1.0000000	0.7486291	0.5798312	0.1720012	0.7971883	0.3003904	1.0000000	0.3610196	1.0000000	0.5543646	0.5346686	0.7936607	0.9913701	0.2112813	1.0000000	1.0000000	0.9077715	0.6915687	1.0000000	0.5000000	0.2888749	0.4858823	1.0000000	1.0000000	0.7040237	0.3455792	0.1064749	0.7863632	0.5569882	0.5171679	0.9590163	0.8481023	0.3283128	0.1594830	0.8200494	0.9297232	0.6457836	0.9987424	0.7598318	0.5415601	0.9956511	0.6343702	0.0054511	0.5527374	0.9951959	0.7068156	0.0444562	0.4784196	0.3318220	0.0331657
1.0000000	0.7486291	0.5798312	0.1704565	0.7971883	0.3003904	1.0000000	0.3477028	1.0000000	0.5377253	0.5346686	0.8242088	0.9905461	0.2181107	1.0000000	1.0000000	0.8999906	0.6870080	1.0000000	1.0000000	0.1444375	0.4858823	1.0000000	1.0000000	0.7040237	0.3455792	0.1057798	0.7795746	0.5569882	0.5148328	0.9590163	0.8629351	0.3255873	0.1654147	0.8357513	0.9500833	0.6457836	0.9987838	0.7583010	0.5415601	0.9683736	0.6311437	0.0054511	0.1577759	0.9951959	0.7068156	0.0444562	0.4968291	0.3318220	0.0331660
1.0000000	0.7486291	0.5798312	0.1704564	0.7971883	0.3003904	1.0000000	0.3476997	1.0000000	0.5377276	0.5346686	0.8242045	0.9905461	0.2181122	1.0000000	1.0000000	0.8999877	0.6870063	1.0000000	1.0000000	0.2888749	0.2429799	1.0000000	1.0000000	0.7040237	0.3455792	0.1057802	0.7795745	0.5569882	0.5148369	0.9590163	0.8629376	0.3255863	0.1654166	0.8357574	0.9297232	0.6457836	0.9987838	0.7583012	0.5415601	0.9961291	0.6343702	0.0054511	0.5527374	0.9951959	0.7068156	0.0444562	0.4968365	0.3318220	0.0331660
1.0000000	0.7486291	0.5798312	0.1704564	0.7971883	0.3003904	1.0000000	0.3476997	1.0000000	0.5377276	0.5346686	0.8242045	0.9905461	0.2181122	1.0000000	1.0000000	0.8999877	0.6870063	1.0000000	1.0000000	0.2888749	0.4759608	0.5000059	1.0000000	0.7040237	0.3455792	0.1057802	0.7795745	0.5569882	0.5148369	0.9318015	0.8629376	0.3255863	0.1654166	0.8357574	0.9297232	0.6457836	0.9987838	0.7583012	0.5415601	0.9961291	0.6343702	0.0054511	0.5527374	0.9951959	0.7068156	0.0444562	0.4968365	0.3318220	0.0331660
1.0000000	0.7486291	0.5798312	0.1704563	0.7971883	0.3003904	1.0000000	0.3477017	1.0000000	0.5377276	0.5346686	0.8242076	0.9905460	0.2181109	1.0000000	1.0000000	0.8999887	0.6870070	1.0000000	1.0000000	0.2888749	0.4812864	1.0000000	0.5000000	0.7040237	0.3455792	0.1057800	0.7795738	0.7990242	0.5148353	0.9590152	0.8629351	0.3255866	0.1654161	0.8357545	0.9297232	0.6457836	0.9987838	0.7583008	0.5415601	0.9961292	0.6343702	0.0054511	0.5527374	0.9951959	0.7068156	0.0444562	0.4968330	0.3318220	0.0331660
1.0000000	0.7486291	0.5798312	0.1704564	0.7971883	0.3003904	1.0000000	0.3477030	1.0000000	0.5377258	0.5346686	0.8242093	0.9905461	0.2181105	1.0000000	1.0000000	0.8999905	0.6870079	1.0000000	1.0000000	0.2888749	0.5995246	1.0000000	1.0000000	0.3520121	0.3455792	0.1057798	0.7795743	0.5569882	0.5148329	0.9645198	0.8629345	0.6128145	0.1654149	0.8357513	0.5149458	0.6457836	0.9987838	0.7583009	0.5415601	0.9961292	0.6343702	0.0054511	0.5527374	0.9951959	0.7068156	0.0444562	0.4968291	0.3318220	0.0331660
1.0000000	0.7486291	0.5798312	0.1704568	0.7971883	0.3003904	1.0000000	0.3476978	1.0000000	0.5377252	0.5346686	0.8242011	0.9905464	0.2181138	1.0000000	1.0000000	0.8999883	0.6870061	1.0000000	1.0000000	0.2888749	0.4858823	1.0000000	1.0000000	0.7040237	0.1727897	0.1057802	0.7795765	0.5569882	0.5148369	0.9590163	0.8629413	0.3255866	0.1654157	0.8357583	0.9297232	0.6457836	0.9987838	0.7583020	0.5415601	0.9961292	0.6343702	0.0054511	0.5527374	0.9951959	0.7068156	0.0444562	0.4968377	0.3318220	0.0331660
1.0000000	0.7486291	0.5798312	0.1704568	0.7971883	0.3003904	1.0000000	0.3476978	1.0000000	0.5377252	0.5346686	0.8242011	0.9905464	0.2181138	1.0000000	1.0000000	0.8999883	0.6870061	1.0000000	1.0000000	0.2888749	0.4858823	1.0000000	1.0000000	0.7040237	0.3455792	0.0528999	0.7795765	0.5569882	0.5148369	0.9590163	0.8629413	0.3255866	0.1654157	0.8357583	0.9297232	0.6457836	0.9987838	0.7583020	0.5415601	0.9961292	0.6343702	0.0054511	0.5527374	0.9951959	0.7068156	0.0444562	0.4968377	0.3318220	0.0331660
1.0000000	0.7486291	0.5798312	0.1704563	0.7971883	0.3003904	1.0000000	0.3477017	1.0000000	0.5377276	0.5346686	0.8242076	0.9905460	0.2181109	1.0000000	1.0000000	0.8999887	0.6870070	1.0000000	1.0000000	0.2888749	0.4858823	1.0000000	1.0000000	0.7040237	0.3455792	0.1057800	0.3897980	0.5569882	0.5148353	0.9590163	0.8629351	0.3255866	0.1654161	0.8357545	0.9297232	0.6457836	0.9987838	0.7583008	0.5415601	0.9961292	0.6343702	0.0054511	0.5527374	0.9951959	0.7068156	0.0444562	0.4968330	0.3318220	0.0331660
1.0000000	0.7486291	0.5798312	0.1704564	0.7971883	0.3003904	1.0000000	0.3476997	1.0000000	0.5377276	0.5346686	0.8242045	0.9905461	0.2181122	1.0000000	1.0000000	0.8999877	0.6870063	1.0000000	1.0000000	0.2888749	0.4858823	1.0000000	1.0000000	0.7040237	0.3455792	0.1057802	0.7795745	0.2784951	0.5148369	0.9590163	0.8629376	0.3255863	0.1654166	0.8357574	0.9297232	0.6457836	0.9987838	0.7583012	0.5415601	0.9961291	0.6343702	0.0054511	0.5527374	0.9951959	0.7068156	0.0444562	0.4968365	0.3318220	0.0331660
1.0000000	0.7486291	0.5798312	0.1704563	0.7971883	0.3003904	1.0000000	0.3477017	1.0000000	0.5377276	0.5346686	0.8242076	0.9905460	0.2181109	1.0000000	1.0000000	0.8999887	0.6870070	1.0000000	1.0000000	0.2888749	0.4858823	1.0000000	1.0000000	0.7040237	0.3455792	0.1057800	0.7795738	0.5569882	0.2574246	0.9590163	0.8629351	0.3255866	0.1654161	0.8357545	0.9297232	0.6457836	0.9987838	0.7583008	0.5415601	0.9961292	0.6343702	0.0054511	0.5527374	0.9951959	0.7068156	0.0444562	0.4968330	0.3318220	0.0331660
1.0000000	0.7486291	0.5798312	0.1704568	0.7971883	0.3003904	1.0000000	0.3476978	1.0000000	0.5377252	0.5346686	0.8242011	0.9905464	0.2181138	1.0000000	1.0000000	0.8999883	0.6870061	1.0000000	1.0000000	0.2888749	0.4858823	1.0000000	1.0000000	0.7040237	0.3455792	0.1057802	0.7795765	0.5569882	0.5148369	0.4795869	0.8629413	0.3255866	0.1654157	0.8357583	0.9297232	0.6457836	0.9987838	0.7583020	0.5415601	0.9961292	0.6343702	0.0054511	0.5527374	0.9951959	0.7068156	0.0444562	0.4968377	0.3318220	0.0331660
1.0000000	0.7486291	0.5798312	0.1704574	0.7971883	0.3003904	1.0000000	0.3476984	1.0000000	0.5377196	0.5346686	0.8242011	0.9905467	0.2181145	1.0000000	1.0000000	0.8999921	0.6870076	1.0000000	1.0000000	0.2888749	0.4858823	1.0000000	1.0000000	0.7040237	0.3455792	0.1057801	0.7795793	0.5569882	0.5148326	0.9590163	0.4314750	0.3255879	0.1654126	0.8357535	0.9297232	0.6457836	0.9987838	0.7583029	0.5415601	0.9961293	0.6343702	0.0054511	0.5527374	0.9951959	0.7068156	0.0444562	0.4968319	0.3318220	0.0331660
1.0000000	0.7486291	0.5798312	0.1704564	0.7971883	0.3003904	1.0000000	0.3476997	1.0000000	0.5377276	0.5346686	0.8242045	0.9905461	0.2181122	1.0000000	1.0000000	0.8999877	0.6870063	1.0000000	1.0000000	0.2888749	0.4858823	1.0000000	1.0000000	0.7040237	0.3455792	0.1057802	0.7795745	0.5569882	0.5148369	0.9590163	0.8629376	0.1627962	0.1654166	0.8357574	0.9297232	0.6457836	0.9987838	0.7583012	0.5415601	0.9961291	0.6343702	0.0054511	0.5527374	0.9951959	0.7068156	0.0444562	0.4968365	0.3318220	0.0331660
1.0000000	0.7486291	0.5798312	0.1704564	0.7971883	0.3003904	1.0000000	0.3476997	1.0000000	0.5377276	0.5346686	0.8242045	0.9905461	0.2181122	1.0000000	1.0000000	0.8999877	0.6870063	1.0000000	1.0000000	0.2888749	0.4858823	1.0000000	1.0000000	0.7040237	0.3455792	0.1057802	0.7795745	0.5569882	0.5148369	0.9590163	0.8629376	0.3255863	0.0827194	0.8357574	0.9297232	0.6457836	0.9987838	0.7583012	0.5415601	0.9961291	0.6343702	0.0054511	0.5527374	0.9951959	0.7068156	0.0444562	0.4968365	0.3318220	0.0331660
1.0000000	0.7486291	0.5798312	0.1704574	0.7971883	0.3003904	1.0000000	0.3476984	1.0000000	0.5377196	0.5346686	0.8242011	0.9905467	0.2181145	1.0000000	1.0000000	0.8999921	0.6870076	1.0000000	1.0000000	0.2888749	0.4858823	1.0000000	1.0000000	0.7040237	0.3455792	0.1057801	0.7795793	0.5569882	0.5148326	0.9590163	0.8629437	0.3255879	0.1654126	0.4178767	0.9297232	0.6457836	0.9987838	0.7583029	0.5415601	0.9961293	0.6343702	0.0054511	0.5527374	0.9951959	0.7068156	0.0444562	0.4968319	0.3318220	0.0331660
1.0000000	0.7486291	0.5798312	0.1704568	0.7971883	0.3003904	1.0000000	0.3476978	1.0000000	0.5377252	0.5346686	0.8242011	0.9905464	0.2181138	1.0000000	1.0000000	0.8999883	0.6870061	1.0000000	1.0000000	0.2888749	0.4858823	1.0000000	1.0000000	0.7040237	0.3455792	0.1057802	0.7795765	0.5569882	0.5148369	0.9590163	0.8629413	0.3255866	0.1654157	0.8357583	0.4648777	0.6457836	0.9987838	0.7583020	0.5415601	0.9961292	0.6343702	0.0054511	0.5527374	0.9951959	0.7068156	0.0444562	0.4968377	0.3318220	0.0331660
1.0000000	0.7486291	0.5798312	0.1704574	0.7971883	0.3003904	1.0000000	0.3476984	1.0000000	0.5377196	0.5346686	0.8242011	0.9905467	0.2181145	1.0000000	1.0000000	0.8999921	0.6870076	1.0000000	1.0000000	0.2888749	0.4858823	1.0000000	1.0000000	0.7040237	0.3455792	0.1057801	0.7795793	0.5569882	0.5148326	0.9590163	0.8629437	0.3255879	0.1654126	0.8357535	0.9297232	0.3229049	0.9987838	0.7583029	0.5415601	0.9961293	0.6343702	0.0054511	0.5527374	0.9951959	0.7068156	0.0444562	0.4968319	0.3318220	0.0331660
1.0000000	0.7486291	0.5798312	0.1704564	0.7971883	0.3003904	1.0000000	0.3476997	1.0000000	0.5377276	0.5346686	0.8242045	0.9905461	0.2181122	1.0000000	1.0000000	0.8999877	0.6870063	1.0000000	1.0000000	0.2888749	0.4858823	1.0000000	1.0000000	0.7040237	0.3455792	0.1057802	0.7795745	0.5569882	0.5148369	0.9590163	0.8629376	0.3255863	0.1654166	0.8357574	0.9297232	0.6457836	0.4993929	0.7583012	0.5415601	0.9961291	0.6343702	0.0054511	0.5527374	0.9951959	0.7068156	0.0444562	0.4968365	0.3318220	0.0331660
1.0000000	0.7486291	0.5798312	0.1704568	0.7971883	0.3003904	1.0000000	0.3476978	1.0000000	0.5377252	0.5346686	0.8242011	0.9905464	0.2181138	1.0000000	1.0000000	0.8999883	0.6870061	1.0000000	1.0000000	0.2888749	0.4858823	1.0000000	1.0000000	0.7040237	0.3455792	0.1057802	0.7795765	0.5569882	0.5148369	0.9590163	0.8629413	0.3255866	0.1654157	0.8357583	0.9297232	0.6457836	0.9987838	0.3791837	0.5415601	0.9961292	0.6343702	0.0054511	0.5527374	0.9951959	0.7068156	0.0444562	0.4968377	0.3318220	0.0331660
1.0000000	0.7486291	0.5798312	0.1704568	0.7971883	0.3003904	1.0000000	0.3476978	1.0000000	0.5377252	0.5346686	0.8242011	0.9905464	0.2181138	1.0000000	1.0000000	0.8999883	0.6870061	1.0000000	1.0000000	0.2888749	0.4858823	1.0000000	1.0000000	0.7040237	0.3455792	0.1057802	0.7795765	0.5569882	0.5148369	0.9590163	0.8629413	0.3255866	0.1654157	0.8357583	0.9297232	0.6457836	0.9987838	0.7583020	0.2707815	0.9961292	0.6343702	0.0054511	0.5527374	0.9951959	0.7068156	0.0444562	0.4968377	0.3318220	0.0331660
1.0000000	0.7486291	0.5798312	0.1704574	0.7971883	0.3003904	1.0000000	0.3476984	1.0000000	0.5377196	0.5346686	0.8242011	0.9905467	0.2181145	1.0000000	1.0000000	0.8999921	0.6870076	1.0000000	1.0000000	0.2888749	0.4858823	1.0000000	1.0000000	0.7040237	0.3455792	0.1057801	0.7795793	0.5569882	0.5148326	0.9590163	0.8629437	0.3255879	0.1654126	0.8357535	0.9297232	0.6457836	0.9987838	0.7583029	0.5415601	0.4980678	0.6343702	0.0054511	0.5527374	0.9951959	0.7068156	0.0444562	0.4968319	0.3318220	0.0331660
1.0000000	0.7486291	0.5798312	0.1704568	0.7971883	0.3003904	1.0000000	0.3476978	1.0000000	0.5377252	0.5346686	0.8242011	0.9905464	0.2181138	1.0000000	1.0000000	0.8999883	0.6870061	1.0000000	1.0000000	0.2888749	0.4858823	1.0000000	1.0000000	0.7040237	0.3455792	0.1057802	0.7795765	0.5569882	0.5148369	0.9590163	0.8629413	0.3255866	0.1654157	0.8357583	0.9297232	0.6457836	0.9987838	0.7583020	0.5415601	0.9961292	0.3171866	0.0054511	0.5527374	0.9951959	0.7068156	0.0444562	0.4968377	0.3318220	0.0331660
1.0000000	0.7486291	0.5798312	0.1704574	0.7971883	0.3003904	1.0000000	0.3476984	1.0000000	0.5377196	0.5346686	0.8242011	0.9905467	0.2181145	1.0000000	1.0000000	0.8999921	0.6870076	1.0000000	1.0000000	0.2888749	0.4858823	1.0000000	1.0000000	0.7040237	0.3455792	0.1057801	0.7795793	0.5569882	0.5148326	0.9590163	0.8629437	0.3255879	0.1654126	0.8357535	0.9297232	0.6457836	0.9987838	0.7583029	0.5415601	0.9961293	0.6343702	0.0027256	0.5527374	0.9951959	0.7068156	0.0444562	0.4968319	0.3318220	0.0331660
1.0000000	0.7486291	0.5798312	0.1704563	0.7971883	0.3003904	1.0000000	0.3477017	1.0000000	0.5377276	0.5346686	0.8242076	0.9905460	0.2181109	1.0000000	1.0000000	0.8999887	0.6870070	1.0000000	1.0000000	0.2888749	0.4858823	1.0000000	1.0000000	0.7040237	0.3455792	0.1057800	0.7795738	0.5569882	0.5148353	0.9590163	0.8629351	0.3255866	0.1654161	0.8357545	0.9297232	0.6457836	0.9987838	0.7583008	0.5415601	0.9961292	0.6343702	0.0054511	0.2764003	0.9951959	0.7068156	0.0444562	0.4968330	0.3318220	0.0331660
1.0000000	0.7486291	0.5798312	0.1704568	0.7971883	0.3003904	1.0000000	0.3476978	1.0000000	0.5377252	0.5346686	0.8242011	0.9905464	0.2181138	1.0000000	1.0000000	0.8999883	0.6870061	1.0000000	1.0000000	0.2888749	0.4858823	1.0000000	1.0000000	0.7040237	0.3455792	0.1057802	0.7795765	0.5569882	0.5148369	0.9590163	0.8629413	0.3255866	0.1654157	0.8357583	0.9297232	0.6457836	0.9987838	0.7583020	0.5415601	0.9961292	0.6343702	0.0054511	0.5527374	0.4976101	0.7068156	0.0444562	0.4968377	0.3318220	0.0331660
1.0000000	0.7486291	0.5798312	0.1704568	0.7971883	0.3003904	1.0000000	0.3476978	1.0000000	0.5377252	0.5346686	0.8242011	0.9905464	0.2181138	1.0000000	1.0000000	0.8999883	0.6870061	1.0000000	1.0000000	0.2888749	0.4858823	1.0000000	1.0000000	0.7040237	0.3455792	0.1057802	0.7795765	0.5569882	0.5148369	0.9590163	0.8629413	0.3255866	0.1654157	0.8357583	0.9297232	0.6457836	0.9987838	0.7583020	0.5415601	0.9961292	0.6343702	0.0054511	0.5527374	0.9951959	0.3534080	0.0444562	0.4968377	0.3318220	0.0331660
1.0000000	0.7486291	0.5798312	0.1704564	0.7971883	0.3003904	1.0000000	0.3476997	1.0000000	0.5377276	0.5346686	0.8242045	0.9905461	0.2181122	1.0000000	1.0000000	0.8999877	0.6870063	1.0000000	1.0000000	0.2888749	0.4858823	1.0000000	1.0000000	0.7040237	0.3455792	0.1057802	0.7795745	0.5569882	0.5148369	0.9590163	0.8629376	0.3255863	0.1654166	0.8357574	0.9297232	0.6457836	0.9987838	0.7583012	0.5415601	0.9961291	0.6343702	0.0054511	0.5527374	0.9951959	0.7068156	0.0222282	0.4968365	0.3318220	0.0331660
1.0000000	0.7486291	0.5798312	0.1704574	0.7971883	0.3003904	1.0000000	0.3476984	1.0000000	0.5377196	0.5346686	0.8242011	0.9905467	0.2181145	1.0000000	1.0000000	0.8999921	0.6870076	1.0000000	1.0000000	0.2888749	0.4858823	1.0000000	1.0000000	0.7040237	0.3455792	0.1057801	0.7795793	0.5569882	0.5148326	0.9590163	0.8629437	0.3255879	0.1654126	0.8357535	0.9297232	0.6457836	0.9987838	0.7583029	0.5415601	0.9961293	0.6343702	0.0054511	0.5527374	0.9951959	0.7068156	0.0444562	0.2484160	0.3318220	0.0331660
1.0000000	0.7486291	0.5798312	0.1704568	0.7971883	0.3003904	1.0000000	0.3476978	1.0000000	0.5377252	0.5346686	0.8242011	0.9905464	0.2181138	1.0000000	1.0000000	0.8999883	0.6870061	1.0000000	1.0000000	0.2888749	0.4858823	1.0000000	1.0000000	0.7040237	0.3455792	0.1057802	0.7795765	0.5569882	0.5148369	0.9590163	0.8629413	0.3255866	0.1654157	0.8357583	0.9297232	0.6457836	0.9987838	0.7583020	0.5415601	0.9961292	0.6343702	0.0054511	0.5527374	0.9951959	0.7068156	0.0444562	0.4968377	0.1659209	0.0331660
1.0000000	0.7486291	0.5798312	0.1704563	0.7971883	0.3003904	1.0000000	0.3477017	1.0000000	0.5377276	0.5346686	0.8242076	0.9905460	0.2181109	1.0000000	1.0000000	0.8999887	0.6870070	1.0000000	1.0000000	0.2888749	0.4858823	1.0000000	1.0000000	0.7040237	0.3455792	0.1057800	0.7795738	0.5569882	0.5148353	0.9590163	0.8629351	0.3255866	0.1654161	0.8357545	0.9297232	0.6457836	0.9987838	0.7583008	0.5415601	0.9961292	0.6343702	0.0054511	0.5527374	0.9951959	0.7068156	0.0444562	0.4968330	0.3318220	0.0165848
