YKL062W	YCR096C	YOL067C	YGL254W	YMR019W	YBL103C	YKL020C	YJR147W	YCR097W	YDR253C	YCR040W	YGR044C	YPR199C	YOL089C	YIR017C	YCL067C	YOR140W	YDR463W	YPL038W	YJL056C	YDR421W	YKR034W	YNL103W	YDR081C	YHR006W	YLR262C	YIL162W	YFL002WA	YNL014W	YLR180W	YDR375C	YGR271CA	YOR115C	YCR095C	YMR238W	YHR145C	YML065W	YMR228W	YDR078C	YDR101C	YJR044C	YPR168W	YJL188C	YDR098CA	YGR206W	YBR166C	YIL014W	YDR041W	YLR304C	YLR065C
0.0938615	0.0089408	1.0000000	0.9974878	0.5343497	1.0000000	1.0000000	1.0000000	0.6612864	1.0000000	0.2406778	0.7580684	1.0000000	1.0000000	0.9965174	0.9998052	0.3134828	0.7923281	1.0000000	1.0000000	1.0000000	1.0000000	1.0000000	1.0000000	1.0000000	0.6423434	0.0585778	0.2199902	0.3191371	0.9999787	0.4055151	0.1931322	0.5082235	0.3015580	0.9990161	0.3148126	0.6512542	0.3280468	0.4643900	0.2615952	0.0591457	0.2128180	0.7302914	0.3014715	0.9627383	0.4591955	0.4370003	0.7445611	0.6904889	0.9275376
0.1877160	0.0044795	1.0000000	0.9974878	0.4249582	1.0000000	1.0000000	1.0000000	0.6612864	1.0000000	0.2406778	0.7580684	1.0000000	1.0000000	0.9965174	0.9998052	0.3134828	0.7923281	1.0000000	1.0000000	1.0000000	1.0000000	1.0000000	1.0000000	1.0000000	0.6423434	0.0601537	0.2199902	0.3191371	0.9999787	0.4055151	0.1931323	0.5082235	0.3015580	0.9990161	0.3148126	0.6512542	0.2252355	0.4643900	0.2615952	0.0591457	0.2128180	0.8106901	0.2630989	0.9627383	0.4566113	0.4370003	0.7445611	0.6904889	0.9275376
0.1877160	0.0089408	0.5000294	0.9974244	0.5471199	1.0000000	1.0000000	1.0000000	0.6612864	1.0000000	0.2406778	0.7580684	1.0000000	1.0000000	0.9965175	0.9998052	0.3134793	0.7923281	1.0000000	1.0000000	1.0000000	1.0000000	1.0000000	1.0000000	1.0000000	0.7802942	0.0601537	0.2199902	0.3191371	0.9999787	0.4055151	0.1931538	0.5082235	0.3015580	0.9990160	0.3148126	0.6512542	0.2935667	0.4643900	0.2615952	0.0591496	0.2128180	0.8106901	0.2630989	0.9627383	0.4566113	0.4370003	0.7445611	0.5896002	0.9275376
0.1877160	0.0089408	1.0000000	0.4987453	0.4249582	1.0000000	1.0000000	1.0000000	0.6612864	1.0000000	0.2406778	0.7580684	1.0000000	1.0000000	0.9965175	0.9998052	0.2597288	0.7923281	1.0000000	1.0000000	1.0000000	1.0000000	1.0000000	1.0000000	1.0000000	0.6423434	0.0612497	0.2199902	0.3191371	0.9999787	0.4055151	0.3558421	0.5082235	0.3015580	0.9961933	0.3148126	0.6512542	0.2252355	0.4643900	0.2615952	0.1116923	0.2128180	0.8106901	0.2630989	0.9627383	0.4566113	0.4370003	0.7445611	0.6904889	0.9275376
0.1877160	0.0089408	1.0000000	0.9974878	0.2125294	1.0000000	1.0000000	1.0000000	0.6612864	1.0000000	0.2406778	0.7580684	1.0000000	1.0000000	0.9965174	0.9998052	0.3134828	0.7923281	1.0000000	1.0000000	1.0000000	1.0000000	1.0000000	1.0000000	1.0000000	0.6423434	0.0601537	0.2199902	0.3191371	0.9999787	0.4055151	0.1931323	0.5082235	0.3015580	0.9990161	0.3148126	0.6512542	0.2252355	0.4643900	0.2615952	0.0591457	0.2128180	0.8106901	0.2630989	0.9627383	0.4566113	0.4370003	0.7445611	0.6904889	0.9275376
0.1877160	0.1778206	1.0000000	0.9974878	0.2301655	0.5000028	1.0000000	1.0000000	0.8524411	1.0000000	0.2397474	0.7584162	1.0000000	1.0000000	0.9965175	0.9998052	0.3137085	0.7923281	1.0000000	1.0000000	1.0000000	1.0000000	1.0000000	1.0000000	1.0000000	0.6423434	0.0601511	0.2199902	0.3191371	0.9999787	0.4055151	0.2413654	0.5082235	0.5989699	0.9990161	0.3148126	0.6512542	0.2244855	0.6850685	0.2615952	0.0591457	0.2128180	0.8106901	0.2630989	0.9627383	0.4566113	0.4369799	0.4957026	0.5350038	0.9275726
0.1877160	0.0086103	1.0000000	0.9974878	0.4249582	1.0000000	0.5000052	1.0000000	0.6612864	1.0000000	0.2406778	0.7580684	1.0000000	1.0000000	0.9965174	0.9998052	0.3134828	0.7923281	1.0000000	1.0000000	1.0000000	1.0000000	1.0000000	1.0000000	1.0000000	0.6423434	0.0601537	0.2199902	0.3191371	0.9999786	0.4055151	0.1931325	0.5082235	0.3015580	0.9990161	0.3148126	0.6512542	0.2252355	0.4643900	0.2615953	0.0591457	0.2128180	0.8106901	0.2630989	0.9627383	0.4566113	0.4370003	0.5944225	0.6904889	0.9275376
0.1877160	0.0089408	1.0000000	0.9974878	0.4968687	1.0000000	1.0000000	0.5000001	0.6612864	1.0000000	0.2406778	0.7580684	1.0000000	1.0000000	0.9965175	0.9998052	0.3134828	0.7923281	1.0000000	1.0000000	1.0000000	1.0000000	1.0000000	1.0000000	1.0000000	0.6423434	0.0601537	0.2199902	0.8773988	0.9999787	0.4055151	0.1931322	0.8534237	0.3015580	0.9990161	0.3148126	0.6512542	0.2252355	0.4643900	0.2615952	0.0591457	0.2128180	0.8106901	0.2630989	0.9627383	0.4896236	0.4370003	0.7445611	0.6904889	0.9275376
0.1877160	0.0089408	1.0000000	0.9974878	0.4249582	1.0000000	1.0000000	1.0000000	0.3307521	1.0000000	0.2406778	0.7517433	1.0000000	1.0000000	0.9965175	0.9998052	0.3096041	0.7923281	1.0000000	1.0000000	1.0000000	1.0000000	1.0000000	1.0000000	1.0000000	0.6423434	0.0601975	0.2199902	0.3191371	0.9999787	0.4055151	0.1931322	0.5082235	0.3015580	0.9990161	0.3148126	0.6512542	0.2252355	0.4643900	0.2615952	0.0591457	0.2128180	0.8106901	0.2630989	0.9627383	0.4566113	0.4373630	0.7445611	0.6904889	0.9269101
0.1877160	0.0089408	1.0000000	0.9943304	0.4249582	1.0000000	1.0000000	1.0000000	0.6612864	0.5000034	0.2406778	0.7580684	1.0000000	1.0000000	0.9939200	0.9998052	0.3133066	0.7923281	1.0000000	1.0000000	1.0000000	1.0000000	1.0000000	1.0000000	1.0000000	0.6423434	0.0601557	0.2199902	0.3191371	0.9998830	0.4055151	0.1942278	0.5082235	0.3015580	0.9990100	0.3148126	0.6512542	0.2252355	0.4643900	0.2615952	0.0593433	0.5232230	0.8106901	0.2630989	0.8505355	0.4566113	0.4007826	0.7445611	0.6904889	0.9275376
0.1877160	0.0089408	1.0000000	0.9974878	0.4249582	1.0000000	1.0000000	1.0000000	0.6612864	1.0000000	0.1203613	0.7580684	1.0000000	1.0000000	0.9965174	0.9998052	0.3134828	0.7923281	1.0000000	1.0000000	1.0000000	1.0000000	1.0000000	1.0000000	1.0000000	0.6423434	0.0601537	0.2199902	0.3191371	0.9999787	0.4055151	0.1931323	0.5082235	0.3015580	0.9990161	0.3148126	0.6512542	0.2252355	0.4643900	0.2615952	0.0591457	0.2128180	0.8106901	0.2630989	0.9627383	0.4566113	0.4370003	0.7445611	0.6904889	0.9275376
0.1877160	0.0089408	1.0000000	0.9974878	0.4249582	1.0000000	1.0000000	1.0000000	0.6612864	1.0000000	0.2406778	0.3790342	1.0000000	1.0000000	0.9965175	0.9998052	0.0994675	0.7923281	1.0000000	1.0000000	1.0000000	1.0000000	1.0000000	1.0000000	1.0000000	0.6423434	0.2193208	0.2199902	0.3191371	0.9999787	0.4055151	0.1931321	0.5082235	0.3015580	0.9990161	0.3148126	0.6512542	0.2252355	0.4643900	0.2615952	0.0591457	0.2128180	0.8106901	0.2630989	0.9627383	0.4566113	0.6173736	0.7445611	0.6904889	0.8534295
0.1877160	0.0089408	1.0000000	0.9974878	0.4249582	1.0000000	1.0000000	1.0000000	0.6612864	1.0000000	0.2293628	0.7580684	0.5001946	1.0000000	0.9965174	0.9998052	0.3134828	0.7923281	1.0000000	1.0000000	1.0000000	1.0000000	1.0000000	1.0000000	1.0000000	0.6423434	0.0601537	0.2199902	0.3191371	0.9999787	0.4055151	0.1931322	0.5082235	0.3015580	0.9990161	0.3148126	0.6512542	0.2252355	0.4643900	0.2615952	0.0592085	0.2128180	0.8106901	0.2630989	0.9627383	0.4566113	0.4370003	0.7445611	0.6904889	0.9275376
0.5305054	0.0089408	1.0000000	0.9974878	0.3084327	1.0000000	1.0000000	1.0000000	0.4116687	1.0000000	0.2406778	0.7554706	1.0000000	0.5000000	0.9965175	0.9998052	0.3118083	0.7923281	1.0000000	1.0000000	1.0000000	1.0000000	1.0000000	1.0000000	1.0000000	0.6423434	0.2983232	0.2199902	0.3191371	0.9999787	0.4055151	0.1980687	0.5082235	0.3015580	0.9990161	0.3148126	0.6512542	0.0324178	0.4643900	0.2615952	0.0591457	0.2128180	0.9378099	0.1791988	0.9627383	0.3737031	0.4371541	0.7445611	0.6904889	0.9272760
0.1877160	0.0089408	1.0000000	0.9974878	0.4249582	1.0000000	1.0000000	1.0000000	0.6612864	1.0000000	0.2406778	0.7580684	1.0000000	1.0000000	0.4986358	0.9998052	0.3134828	0.7923281	1.0000000	1.0000000	1.0000000	1.0000000	1.0000000	1.0000000	1.0000000	0.6423434	0.0601537	0.2199902	0.3191371	0.9999787	0.4055151	0.1931322	0.5082235	0.3015580	0.9990161	0.3148126	0.6512542	0.2252355	0.4643900	0.2615952	0.0591457	0.2128180	0.8106901	0.2630989	0.9627383	0.4566113	0.4370003	0.7445611	0.6904889	0.9275376
0.1877160	0.0089408	1.0000000	0.9974878	0.4249582	1.0000000	1.0000000	1.0000000	0.6612864	1.0000000	0.2406778	0.9167271	1.0000000	1.0000000	0.9965175	0.4999289	0.4139210	0.7923281	1.0000000	1.0000000	1.0000000	1.0000000	1.0000000	1.0000000	1.0000000	0.6423434	0.0596075	0.2199902	0.3191371	0.9999787	0.4055151	0.1931321	0.5082235	0.3015580	0.9990161	0.3148126	0.6512542	0.2252355	0.4643900	0.2615952	0.0591457	0.2128180	0.8106901	0.2630989	0.9627383	0.4566113	0.4313995	0.7445611	0.6904889	0.9407701
0.1877160	0.0089408	1.0000000	0.9974878	0.4249582	1.0000000	1.0000000	1.0000000	0.6612864	1.0000000	0.2406778	0.7580684	1.0000000	1.0000000	0.9965175	0.9998052	0.1567804	0.7923281	1.0000000	1.0000000	1.0000000	1.0000000	1.0000000	1.0000000	1.0000000	0.6423434	0.0801676	0.2199902	0.3191371	0.9999787	0.4055151	0.1931322	0.5082235	0.3015580	0.9990161	0.3148126	0.6512542	0.2252355	0.4643900	0.2615952	0.0591457	0.2128180	0.8106901	0.2630989	0.9627383	0.4566113	0.4370003	0.7445611	0.6904889	0.9275376
0.1877160	0.0182232	1.0000000	0.9974878	0.5480728	1.0000000	1.0000000	1.0000000	0.6612864	1.0000000	0.2406778	0.7580684	1.0000000	1.0000000	0.9965175	0.9998052	0.3134828	0.3961649	1.0000000	1.0000000	1.0000000	1.0000000	1.0000000	1.0000000	1.0000000	0.5065962	0.0601537	0.2199902	0.3191371	0.9999787	0.4055151	0.1931322	0.5082235	0.4608457	0.9990161	0.3148126	0.6512542	0.3291218	0.6672717	0.2615952	0.0591457	0.2128180	0.8106901	0.1082894	0.9627383	0.4566113	0.4370003	0.7445611	0.6904889	0.9275376
0.1877160	0.0089408	1.0000000	0.9786279	0.4249582	1.0000000	1.0000000	1.0000000	0.6612864	1.0000000	0.2406778	0.7580684	1.0000000	1.0000000	0.9889933	0.9998052	0.3124215	0.7923281	0.5000019	1.0000000	1.0000000	1.0000000	1.0000000	1.0000000	1.0000000	0.6423434	0.0601658	0.2199902	0.3191371	0.9999131	0.4055151	0.1996463	0.5082235	0.3015580	0.9989791	0.3148126	0.6512542	0.2252355	0.4643900	0.2615952	0.0603349	0.8309996	0.8106901	0.2630989	0.9627383	0.4566113	0.4370003	0.7445611	0.6904889	0.9275376
0.1877160	0.0089408	1.0000000	0.9974878	0.4249582	1.0000000	1.0000000	1.0000000	0.6612864	1.0000000	0.2406778	0.7590711	1.0000000	1.0000000	0.9965175	0.9956520	0.3141181	0.7923281	1.0000000	0.5000043	1.0000000	1.0000000	1.0000000	1.0000000	1.0000000	0.6423434	0.0601466	0.2199902	0.3191371	0.9999787	0.4055151	0.1931321	0.5082235	0.3015580	0.9990161	0.7502619	0.2127073	0.2252355	0.4643900	0.2615952	0.0591457	0.2128180	0.7805525	0.2630989	0.9627383	0.4566113	0.4369427	0.7445611	0.6904889	0.9276373
0.1877160	0.0089408	1.0000000	0.9974878	0.4249582	1.0000000	1.0000000	1.0000000	0.6612864	1.0000000	0.2406778	0.7580660	1.0000000	1.0000000	0.9965175	0.9998154	0.3134814	0.7923281	1.0000000	1.0000000	0.5000172	1.0000000	1.0000000	1.0000000	1.0000000	0.6423434	0.0601537	0.2199902	0.3191371	0.9999787	0.6717570	0.1931322	0.5082235	0.3015580	0.9990161	0.3148126	0.6512542	0.2252355	0.4643900	0.2615952	0.0591457	0.2128180	0.8106901	0.2630989	0.9627383	0.4566113	0.4370005	0.7445611	0.6904889	0.9275374
0.1877160	0.0089408	1.0000000	0.9974878	0.4249582	1.0000000	1.0000000	1.0000000	0.6612864	1.0000000	0.3653443	0.7580684	1.0000000	1.0000000	0.9965175	0.9998052	0.3134828	0.7923281	1.0000000	1.0000000	1.0000000	0.5000132	1.0000000	1.0000000	1.0000000	0.6423434	0.0601537	0.2199902	0.3191371	0.9999787	0.4055151	0.1931322	0.5082235	0.3015580	0.9990161	0.3148126	0.6512542	0.2252355	0.4643900	0.2615952	0.0591457	0.2128180	0.8106901	0.2630989	0.9627383	0.1530341	0.4370003	0.7445611	0.6904889	0.9275376
0.1877160	0.0089408	1.0000000	0.9974878	0.4249582	1.0000000	1.0000000	1.0000000	0.6612864	1.0000000	0.2406778	0.7580684	1.0000000	1.0000000	0.9802987	0.9998052	0.3134828	0.7923281	1.0000000	1.0000000	1.0000000	1.0000000	0.5001109	1.0000000	1.0000000	0.6423434	0.0601537	0.2199902	0.3191371	0.9998642	0.4055151	0.1931323	0.5082235	0.3015580	0.9990161	0.3148126	0.6512542	0.2252355	0.4643900	0.2615952	0.0591457	0.2128180	0.8106901	0.2630989	0.9627383	0.4566113	0.4370003	0.7445611	0.6904889	0.9275376
0.1877160	0.0124573	1.0000000	0.9974878	0.4769508	1.0000000	1.0000000	1.0000000	0.6612864	1.0000000	0.2406778	0.7580684	1.0000000	1.0000000	0.9965175	0.9998052	0.3134828	0.5816325	1.0000000	1.0000000	1.0000000	1.0000000	1.0000000	0.5000032	1.0000000	0.5741283	0.0601537	0.2199902	0.3191371	0.9999787	0.4055151	0.1931321	0.5082235	0.3714778	0.9990161	0.3148126	0.6512542	0.2766898	0.5764802	0.2615952	0.0591457	0.2128180	0.8106901	0.1845024	0.9627383	0.4566113	0.4370003	0.7445611	0.6904889	0.9275376
0.1877160	0.0089408	1.0000000	0.9974878	0.4249582	1.0000000	1.0000000	1.0000000	0.6612864	1.0000000	0.5712323	0.7580684	1.0000000	1.0000000	0.9965175	0.9998052	0.3134828	0.7923281	1.0000000	1.0000000	1.0000000	1.0000000	1.0000000	1.0000000	0.5000002	0.6423434	0.0601537	0.3827527	0.3191371	0.9999787	0.4055151	0.1931321	0.5082235	0.3015580	0.9990161	0.3148126	0.6512542	0.2252355	0.4643900	0.6086379	0.0591457	0.2128180	0.8106901	0.2630989	0.9627383	0.4566113	0.4370003	0.7445611	0.6904889	0.9275376
0.1877160	0.0089408	1.0000000	0.9974878	0.4249582	1.0000000	1.0000000	1.0000000	0.6612864	1.0000000	0.2406778	0.7580684	1.0000000	1.0000000	0.9965174	0.9998052	0.3134828	0.7923281	1.0000000	1.0000000	1.0000000	1.0000000	1.0000000	1.0000000	1.0000000	0.3212723	0.0601537	0.2199902	0.3191371	0.9999786	0.4055151	0.1931325	0.5082235	0.3015580	0.9990161	0.3148126	0.6512542	0.2252355	0.4643900	0.2615953	0.0591457	0.2128180	0.8106901	0.2630989	0.9627383	0.4566113	0.4370003	0.7445611	0.6904889	0.9275376
0.1877160	0.0089408	1.0000000	0.9974878	0.4249582	1.0000000	1.0000000	1.0000000	0.6612864	1.0000000	0.2406778	0.7580684	1.0000000	1.0000000	0.9965170	0.9998052	0.3134825	0.7923281	1.0000000	1.0000000	1.0000000	1.0000000	1.0000000	1.0000000	1.0000000	0.6423434	0.0300774	0.2199902	0.3191371	0.9999786	0.4055151	0.1931342	0.5082235	0.3015580	0.9990161	0.3148126	0.6512542	0.2252353	0.4643900	0.2615953	0.0591458	0.2128181	0.8106901	0.2630989	0.9627383	0.4566113	0.4370003	0.7445611	0.6904889	0.9275376
0.1877160	0.0089408	1.0000000	0.9974878	0.4249582	1.0000000	1.0000000	1.0000000	0.6612864	1.0000000	0.2406778	0.7580684	1.0000000	1.0000000	0.9965174	0.9998052	0.3134828	0.7923281	1.0000000	1.0000000	1.0000000	1.0000000	1.0000000	1.0000000	1.0000000	0.6423434	0.0601537	0.1100267	0.3191371	0.9999787	0.4055151	0.1931323	0.5082235	0.3015580	0.9990161	0.3148126	0.6512542	0.2252355	0.4643900	0.2615952	0.0591457	0.2128180	0.8106901	0.2630989	0.9627383	0.4566113	0.4370003	0.7445611	0.6904889	0.9275376
0.1877160	0.0089408	1.0000000	0.9974878	0.4249582	1.0000000	1.0000000	1.0000000	0.6612864	1.0000000	0.2406778	0.7580684	1.0000000	1.0000000	0.9965174	0.9998052	0.3134828	0.7923281	1.0000000	1.0000000	1.0000000	1.0000000	1.0000000	1.0000000	1.0000000	0.6423434	0.0601537	0.2199902	0.1596445	0.9999787	0.4055151	0.1931322	0.5082235	0.3015580	0.9990161	0.3148126	0.6512542	0.2252355	0.4643900	0.2615952	0.0591457	0.2128180	0.8106901	0.2630989	0.9627383	0.4566113	0.4370003	0.7445611	0.6904889	0.9275376
0.1877160	0.0089408	1.0000000	0.9974878	0.4249582	1.0000000	1.0000000	1.0000000	0.6612864	1.0000000	0.2406778	0.7580684	1.0000000	1.0000000	0.9965174	0.9998052	0.3134828	0.7923281	1.0000000	1.0000000	1.0000000	1.0000000	1.0000000	1.0000000	1.0000000	0.6423434	0.0601537	0.2199902	0.3191371	0.5001958	0.4055151	0.1931322	0.5082235	0.3015580	0.9990161	0.3148126	0.6512542	0.2252355	0.4643900	0.2615952	0.0591457	0.2128180	0.8106901	0.2630989	0.9627383	0.4566113	0.4370003	0.7445611	0.6904889	0.9275376
0.1877160	0.0089408	1.0000000	0.9974878	0.4249582	1.0000000	1.0000000	1.0000000	0.6612864	1.0000000	0.2406778	0.7580684	1.0000000	1.0000000	0.9965174	0.9998052	0.3134828	0.7923281	1.0000000	1.0000000	1.0000000	1.0000000	1.0000000	1.0000000	1.0000000	0.6423434	0.0601537	0.2199902	0.3191371	0.9999787	0.2028199	0.1931323	0.5082235	0.3015580	0.9990161	0.3148126	0.6512542	0.2252355	0.4643900	0.2615952	0.0591457	0.2128180	0.8106901	0.2630989	0.9627383	0.4566113	0.4370003	0.7445611	0.6904889	0.9275376
0.1877160	0.0089408	1.0000000	0.9974878	0.4249582	1.0000000	1.0000000	1.0000000	0.6612864	1.0000000	0.2406778	0.7580684	1.0000000	1.0000000	0.9965175	0.9998052	0.3134828	0.7923281	1.0000000	1.0000000	1.0000000	1.0000000	1.0000000	1.0000000	1.0000000	0.6423434	0.0601537	0.2199902	0.3191371	0.9999787	0.4055151	0.0966243	0.5082235	0.3015580	0.9990161	0.3148126	0.6512542	0.2252355	0.4643900	0.2615952	0.0591457	0.2128180	0.8106901	0.2630989	0.9627383	0.4566113	0.4370003	0.7445611	0.6904889	0.9275376
0.1877160	0.0089408	1.0000000	0.9974878	0.4249582	1.0000000	1.0000000	1.0000000	0.6612864	1.0000000	0.2406778	0.7580684	1.0000000	1.0000000	0.9965174	0.9998052	0.3134828	0.7923281	1.0000000	1.0000000	1.0000000	1.0000000	1.0000000	1.0000000	1.0000000	0.6423434	0.0601537	0.2199902	0.3191371	0.9999786	0.4055151	0.1931325	0.2542039	0.3015580	0.9990161	0.3148126	0.6512542	0.2252355	0.4643900	0.2615953	0.0591457	0.2128180	0.8106901	0.2630989	0.9627383	0.4566113	0.4370003	0.7445611	0.6904889	0.9275376
0.1877160	0.0089408	1.0000000	0.9974878	0.4249582	1.0000000	1.0000000	1.0000000	0.6612864	1.0000000	0.2406778	0.7580684	1.0000000	1.0000000	0.9965174	0.9998052	0.3134828	0.7923281	1.0000000	1.0000000	1.0000000	1.0000000	1.0000000	1.0000000	1.0000000	0.6423434	0.0601537	0.2199902	0.3191371	0.9999787	0.4055151	0.1931323	0.5082235	0.1508288	0.9990161	0.3148126	0.6512542	0.2252355	0.4643900	0.2615952	0.0591457	0.2128180	0.8106901	0.2630989	0.9627383	0.4566113	0.4370003	0.7445611	0.6904889	0.9275376
0.1877160	0.0089408	1.0000000	0.9974878	0.4249582	1.0000000	1.0000000	1.0000000	0.6612864	1.0000000	0.2406778	0.7580684	1.0000000	1.0000000	0.9965174	0.9998052	0.3134828	0.7923281	1.0000000	1.0000000	1.0000000	1.0000000	1.0000000	1.0000000	1.0000000	0.6423434	0.0601537	0.2199902	0.3191371	0.9999787	0.4055151	0.1931322	0.5082235	0.3015580	0.4996612	0.3148126	0.6512542	0.2252355	0.4643900	0.2615952	0.0591457	0.2128180	0.8106901	0.2630989	0.9627383	0.4566113	0.4370003	0.7445611	0.6904889	0.9275376
0.1877160	0.0089408	1.0000000	0.9974878	0.4249582	1.0000000	1.0000000	1.0000000	0.6612864	1.0000000	0.2406778	0.7580684	1.0000000	1.0000000	0.9965175	0.9998052	0.3134828	0.7923281	1.0000000	1.0000000	1.0000000	1.0000000	1.0000000	1.0000000	1.0000000	0.6423434	0.0601537	0.2199902	0.3191371	0.9999787	0.4055151	0.1931322	0.5082235	0.3015580	0.9990161	0.1574572	0.6512542	0.2252355	0.4643900	0.2615952	0.0591457	0.2128180	0.8106901	0.2630989	0.9627383	0.4566113	0.4370003	0.7445611	0.6904889	0.9275376
0.1877160	0.0089408	1.0000000	0.9974878	0.4249582	1.0000000	1.0000000	1.0000000	0.6612864	1.0000000	0.2406778	0.7580684	1.0000000	1.0000000	0.9965175	0.9998052	0.3134828	0.7923281	1.0000000	1.0000000	1.0000000	1.0000000	1.0000000	1.0000000	1.0000000	0.6423434	0.0601537	0.2199902	0.3191371	0.9999787	0.4055151	0.1931322	0.5082235	0.3015580	0.9990161	0.3148126	0.3257118	0.2252355	0.4643900	0.2615952	0.0591457	0.2128180	0.8106901	0.2630989	0.9627383	0.4566113	0.4370003	0.7445611	0.6904889	0.9275376
0.1877160	0.0089408	1.0000000	0.9974878	0.4249582	1.0000000	1.0000000	1.0000000	0.6612864	1.0000000	0.2406778	0.7580684	1.0000000	1.0000000	0.9965174	0.9998052	0.3134828	0.7923281	1.0000000	1.0000000	1.0000000	1.0000000	1.0000000	1.0000000	1.0000000	0.6423434	0.0601537	0.2199902	0.3191371	0.9999787	0.4055151	0.1931322	0.5082235	0.3015580	0.9990161	0.3148126	0.6512542	0.1126637	0.4643900	0.2615952	0.0591457	0.2128180	0.8106901	0.2630989	0.9627383	0.4566113	0.4370003	0.7445611	0.6904889	0.9275376
0.1877160	0.0089408	1.0000000	0.9974878	0.4249582	1.0000000	1.0000000	1.0000000	0.6612864	1.0000000	0.2406778	0.7580684	1.0000000	1.0000000	0.9965174	0.9998052	0.3134828	0.7923281	1.0000000	1.0000000	1.0000000	1.0000000	1.0000000	1.0000000	1.0000000	0.6423434	0.0601537	0.2199902	0.3191371	0.9999786	0.4055151	0.1931325	0.5082235	0.3015580	0.9990161	0.3148126	0.6512542	0.2252355	0.2322147	0.2615953	0.0591457	0.2128180	0.8106901	0.2630989	0.9627383	0.4566113	0.4370003	0.7445611	0.6904889	0.9275376
0.1877160	0.0089408	1.0000000	0.9974878	0.4249582	1.0000000	1.0000000	1.0000000	0.6612864	1.0000000	0.2406778	0.7580684	1.0000000	1.0000000	0.9965175	0.9998052	0.3134828	0.7923281	1.0000000	1.0000000	1.0000000	1.0000000	1.0000000	1.0000000	1.0000000	0.6423434	0.0601537	0.2199902	0.3191371	0.9999787	0.4055151	0.1931322	0.5082235	0.3015580	0.9990161	0.3148126	0.6512542	0.2252355	0.4643900	0.1308423	0.0591457	0.2128180	0.8106901	0.2630989	0.9627383	0.4566113	0.4370003	0.7445611	0.6904889	0.9275376
0.1877160	0.0089408	1.0000000	0.9974878	0.4249582	1.0000000	1.0000000	1.0000000	0.6612864	1.0000000	0.2406778	0.7580684	1.0000000	1.0000000	0.9965174	0.9998052	0.3134828	0.7923281	1.0000000	1.0000000	1.0000000	1.0000000	1.0000000	1.0000000	1.0000000	0.6423434	0.0601537	0.2199902	0.3191371	0.9999787	0.4055151	0.1931322	0.5082235	0.3015580	0.9990161	0.3148126	0.6512542	0.2252355	0.4643900	0.2615952	0.0295905	0.2128180	0.8106901	0.2630989	0.9627383	0.4566113	0.4370003	0.7445611	0.6904889	0.9275376
0.1877160	0.0089408	1.0000000	0.9974878	0.4249582	1.0000000	1.0000000	1.0000000	0.6612864	1.0000000	0.2406778	0.7580684	1.0000000	1.0000000	0.9965174	0.9998052	0.3134828	0.7923281	1.0000000	1.0000000	1.0000000	1.0000000	1.0000000	1.0000000	1.0000000	0.6423434	0.0601537	0.2199902	0.3191371	0.9999787	0.4055151	0.1931322	0.5082235	0.3015580	0.9990161	0.3148126	0.6512542	0.2252355	0.4643900	0.2615952	0.0591457	0.1064720	0.8106901	0.2630989	0.9627383	0.4566113	0.4370003	0.7445611	0.6904889	0.9275376
0.1877160	0.0089408	1.0000000	0.9974878	0.4249582	1.0000000	1.0000000	1.0000000	0.6612864	1.0000000	0.2406778	0.7580684	1.0000000	1.0000000	0.9965174	0.9998052	0.3134828	0.7923281	1.0000000	1.0000000	1.0000000	1.0000000	1.0000000	1.0000000	1.0000000	0.6423434	0.0601537	0.2199902	0.3191371	0.9999787	0.4055151	0.1931322	0.5082235	0.3015580	0.9990161	0.3148126	0.6512542	0.2252355	0.4643900	0.2615952	0.0591457	0.2128180	0.4054403	0.2630989	0.9627383	0.4566113	0.4370003	0.7445611	0.6904889	0.9275376
0.1877160	0.0089408	1.0000000	0.9974878	0.4249582	1.0000000	1.0000000	1.0000000	0.6612864	1.0000000	0.2406778	0.7580684	1.0000000	1.0000000	0.9965174	0.9998052	0.3134828	0.7923281	1.0000000	1.0000000	1.0000000	1.0000000	1.0000000	1.0000000	1.0000000	0.6423434	0.0601537	0.2199902	0.3191371	0.9999787	0.4055151	0.1931323	0.5082235	0.3015580	0.9990161	0.3148126	0.6512542	0.2252355	0.4643900	0.2615952	0.0591457	0.2128180	0.8106901	0.1315781	0.9627383	0.4566113	0.4370003	0.7445611	0.6904889	0.9275376
0.1877160	0.0089408	1.0000000	0.9974878	0.4249582	1.0000000	1.0000000	1.0000000	0.6612864	1.0000000	0.2406778	0.7580684	1.0000000	1.0000000	0.9965173	0.9998052	0.3134827	0.7923281	1.0000000	1.0000000	1.0000000	1.0000000	1.0000000	1.0000000	1.0000000	0.6423434	0.0601537	0.2199902	0.3191371	0.9999786	0.4055151	0.1931331	0.5082235	0.3015580	0.9990161	0.3148126	0.6512542	0.2252354	0.4643900	0.2615953	0.0591457	0.2128180	0.8106901	0.2630989	0.4813948	0.4566113	0.4370003	0.7445611	0.6904889	0.9275376
0.1877160	0.0089408	1.0000000	0.9974878	0.4249582	1.0000000	1.0000000	1.0000000	0.6612864	1.0000000	0.2406778	0.7580684	1.0000000	1.0000000	0.9965173	0.9998052	0.3134827	0.7923281	1.0000000	1.0000000	1.0000000	1.0000000	1.0000000	1.0000000	1.0000000	0.6423434	0.0601537	0.2199902	0.3191371	0.9999786	0.4055151	0.1931331	0.5082235	0.3015580	0.9990161	0.3148126	0.6512542	0.2252354	0.4643900	0.2615953	0.0591457	0.2128180	0.8106901	0.2630989	0.9627383	0.2283390	0.4370003	0.7445611	0.6904889	0.9275376
0.1877160	0.0089408	1.0000000	0.9974878	0.4249582	1.0000000	1.0000000	1.0000000	0.6612864	1.0000000	0.2406778	0.7580684	1.0000000	1.0000000	0.9965175	0.9998052	0.3134828	0.7923281	1.0000000	1.0000000	1.0000000	1.0000000	1.0000000	1.0000000	1.0000000	0.6423434	0.0601537	0.2199902	0.3191371	0.9999787	0.4055151	0.1931322	0.5082235	0.3015580	0.9990161	0.3148126	0.6512542	0.2252355	0.4643900	0.2615952	0.0591457	0.2128180	0.8106901	0.2630989	0.9627383	0.4566113	0.2185728	0.7445611	0.6904889	0.9275376
0.1877160	0.0089408	1.0000000	0.9974878	0.4249582	1.0000000	1.0000000	1.0000000	0.6612864	1.0000000	0.2406778	0.7580684	1.0000000	1.0000000	0.9965173	0.9998052	0.3134827	0.7923281	1.0000000	1.0000000	1.0000000	1.0000000	1.0000000	1.0000000	1.0000000	0.6423434	0.0601537	0.2199902	0.3191371	0.9999786	0.4055151	0.1931331	0.5082235	0.3015580	0.9990161	0.3148126	0.6512542	0.2252354	0.4643900	0.2615953	0.0591457	0.2128180	0.8106901	0.2630989	0.9627383	0.4566113	0.4370003	0.3723248	0.6904889	0.9275376
0.1877160	0.0089408	1.0000000	0.9974878	0.4249582	1.0000000	1.0000000	1.0000000	0.6612864	1.0000000	0.2406778	0.7580684	1.0000000	1.0000000	0.9965174	0.9998052	0.3134828	0.7923281	1.0000000	1.0000000	1.0000000	1.0000000	1.0000000	1.0000000	1.0000000	0.6423434	0.0601537	0.2199902	0.3191371	0.9999787	0.4055151	0.1931322	0.5082235	0.3015580	0.9990161	0.3148126	0.6512542	0.2252355	0.4643900	0.2615952	0.0591457	0.2128180	0.8106901	0.2630989	0.9627383	0.4566113	0.4370003	0.7445611	0.3453714	0.9275376
0.1877160	0.0089408	1.0000000	0.9974878	0.4249582	1.0000000	1.0000000	1.0000000	0.6612864	1.0000000	0.2406778	0.7580684	1.0000000	1.0000000	0.9965174	0.9998052	0.3134828	0.7923281	1.0000000	1.0000000	1.0000000	1.0000000	1.0000000	1.0000000	1.0000000	0.6423434	0.0601537	0.2199902	0.3191371	0.9999786	0.4055151	0.1931325	0.5082235	0.3015580	0.9990161	0.3148126	0.6512542	0.2252355	0.4643900	0.2615953	0.0591457	0.2128180	0.8106901	0.2630989	0.9627383	0.4566113	0.4370003	0.7445611	0.6904889	0.4639021
