YOR363C	YIL101C	YJR147W	YER045C	YOR113W	YHL027W	YBR297W	YGL162W	YBR182C	YMR021C	YPL230W	YOR140W	YKL043W	YPR065W	YER184C	YMR070W	YGR249W	YOR032C	YDR043C	YPL248C	YKL032C	YHR006W	YNL167C	YGL013C	YDL106C	YAL062W	YBR057C	YPR124W	YPR108WA	YGL234W	YLR413W	YOR024W	YML053C	YGR106C	YBL111C	YJR158W	YOR318C	MEL1	YLL065W	YOR269W	YLR410WB	YMR195W	YGL134W	YOR268C	YOL078W	YKL110C	YBR018C	YDL148C	YOL121C	YCR021C
0.0000000	0.2326262	0.4720873	0.4320773	0.7283984	0.0442595	0.0695580	0.0549306	0.4350664	0.7895957	0.1705367	0.6102605	0.3342361	0.0192821	0.5391713	0.0008831	0.4603009	0.6418736	0.8503261	0.6932498	0.7822205	0.7913086	0.8572463	0.5419761	0.7637067	0.2861435	0.3789911	0.1395562	0.6112911	0.3985269	0.2680799	0.0952968	0.2425693	0.3577038	0.3772569	0.1536271	0.7311538	0.4275829	0.5670396	0.6182753	0.4418289	0.3340682	0.4099094	0.1978939	0.2469509	0.0079140	0.1250182	0.5279546	0.2850775	0.8097841
0.7267182	0.0000000	0.7337634	0.6295170	0.7428783	0.0195671	0.0425510	0.0565135	0.8146413	0.6884986	0.1666498	0.7628287	0.2852995	0.0459861	0.4594715	0.0000265	0.0353739	0.5386560	0.7419971	0.7309504	0.7985304	0.6531975	0.6885583	0.5155517	0.8487477	0.1532457	0.0103030	0.4456728	0.4916464	0.4718582	0.2166006	0.0949696	0.2249393	0.3406082	0.2536517	0.0983358	0.7373308	0.3917610	0.6438469	0.3954058	0.3330653	0.2673830	0.4928146	0.2605979	0.2449123	0.0134645	0.1463500	0.4054074	0.1480753	0.7507541
0.7931092	0.3550930	0.0000000	0.4076340	0.6906764	0.0491886	0.0527286	0.0674370	0.4191974	0.8839905	0.1298693	0.7197165	0.3317453	0.0281315	0.5750967	0.0002138	0.5650682	0.5644929	0.6910979	0.7998653	0.6009854	0.7100188	0.7406332	0.5212158	0.6670644	0.2960099	0.3622965	0.1872500	0.4111034	0.4553013	0.2759924	0.0766642	0.2586930	0.3777336	0.3810999	0.1185434	0.6824313	0.3286822	0.5545341	0.6026385	0.4544167	0.2793165	0.2824079	0.1720484	0.2653065	0.0044924	0.1184831	0.5081066	0.2969659	0.7578360
0.7292525	0.2281442	0.4603538	0.0000000	0.6972487	0.0254087	0.0381157	0.0578856	0.4930109	0.7464064	0.2283268	0.6608869	0.3758447	0.0683223	0.5223190	0.0001572	0.6147255	0.7715029	0.7995257	0.6730421	0.7554190	0.6224591	0.6789652	0.4894232	0.8076665	0.1823388	0.3594817	0.2197154	0.3685883	0.3946424	0.1868887	0.1043589	0.2563921	0.3335930	0.3695957	0.1127272	0.7458011	0.2975081	0.5233356	0.5801513	0.3431939	0.2346367	0.1836022	0.2383199	0.2869908	0.0002801	0.1312772	0.3526710	0.2666922	0.7160838
0.7364187	0.2473364	0.5566007	0.3448368	0.0000000	0.0082532	0.0312791	0.0426699	0.4751942	0.7345330	0.1240724	0.6103983	0.2372760	0.0469060	0.5449314	0.0000782	0.4192093	0.7477277	0.6091261	0.7754637	0.6165730	0.6504541	0.8363984	0.5244781	0.7135581	0.1729861	0.2783339	0.2202571	0.4472250	0.3843843	0.1920287	0.1580894	0.1977856	0.3045643	0.3262457	0.1152037	0.6431189	0.2721774	0.5156372	0.6014611	0.3638374	0.3478288	0.3897171	0.1955970	0.1952927	0.0132753	0.1631901	0.4723479	0.8556338	0.7598283
0.7722275	0.2517580	0.4157238	0.5567584	0.6277292	0.0000000	0.0269432	0.0554534	0.3534051	0.7400403	0.2273492	0.8679622	0.2802903	0.0388393	0.4424007	0.0002605	0.0165786	0.7529942	0.8710866	0.7414725	0.7066550	0.6197509	0.7921398	0.5211338	0.8213184	0.1745153	0.5479127	0.1866848	0.4520097	0.4851936	0.1895904	0.0946096	0.3006514	0.3281551	0.4174820	0.1632147	0.5516430	0.4354613	0.6795257	0.6167656	0.3914627	0.4045949	0.4288706	0.1941886	0.2486852	0.0125231	0.1246015	0.4220266	0.3429327	0.7194192
0.8113204	0.3234096	0.4113237	0.4610487	0.7469903	0.0431743	0.0000000	0.0533580	0.4146207	0.6917337	0.1590572	0.7738267	0.3144374	0.0556187	0.4520721	0.0000816	0.5784882	0.7248286	0.6768934	0.6122570	0.7539800	0.7349311	0.6458091	0.5222977	0.5671256	0.2486201	0.3687458	0.1624438	0.4993585	0.3783138	0.2212552	0.1364990	0.3266440	0.4353250	0.4662926	0.1433142	0.6429273	0.2856391	0.6724670	0.6138223	0.3856696	0.3175355	0.4178438	0.2106590	0.1966228	0.0089822	0.0734475	0.5464863	0.1933670	0.8329024
0.6525487	0.2512072	0.4355310	0.3935075	0.6296488	0.0238769	0.0226534	0.0000000	0.3265371	0.6798887	0.2412156	0.7060404	0.2298094	0.0477099	0.6308896	0.0001899	0.5418454	0.7348511	0.7788514	0.6261515	0.8343518	0.6284105	0.6621624	0.4760275	0.7508480	0.1856538	0.4658801	0.1290160	0.5058160	0.4916468	0.3057563	0.0517813	0.2793120	0.3592916	0.4405313	0.1079575	0.7327708	0.3145977	0.6207296	0.6974371	0.4297360	0.3135238	0.3257800	0.1769726	0.1871350	0.0189973	0.0976953	0.4243042	0.3171038	0.9474618
0.6491137	0.1998462	0.2713448	0.2632089	0.6733167	0.4227688	0.0447513	0.1267234	0.0000000	0.7558168	0.2158603	0.5850843	0.4222584	0.2428138	0.0654846	0.0005134	0.7167338	0.0354463	0.6758303	0.7291585	0.7727282	0.0472063	0.8539391	0.4991017	0.9243818	0.1452331	0.6188555	0.0258868	0.8842094	0.6238066	0.4276448	0.0767038	0.3420875	0.3311343	0.6650840	0.0951380	0.4909377	0.3370456	0.5919869	0.7728270	0.4604605	0.2364865	0.6350608	0.0586803	0.1288426	0.0390246	0.1143420	0.5596379	0.8074639	0.4369791
0.6847175	0.2381513	0.5438273	0.3555101	0.7749796	0.0192969	0.7866762	0.0726282	0.5772498	0.0000000	0.2484305	0.6286436	0.3065923	0.0436776	0.5327576	0.0001032	0.4639017	0.7305969	0.6706829	0.6910123	0.7099411	0.6760851	0.7003779	0.5570460	0.6501830	0.0150547	0.3194018	0.5764184	0.4109209	0.4799508	0.2220503	0.1135605	0.3001554	0.3031362	0.4329193	0.0833577	0.7040037	0.3251227	0.5525811	0.5573057	0.8079906	0.3680786	0.2824343	0.2822196	0.2375061	0.0091517	0.1331233	0.5751408	0.1957860	0.8495748
0.7245213	0.3332127	0.3532186	0.5303324	0.6545997	0.0617622	0.0468242	0.0867456	0.3915326	0.6356533	0.0000000	0.7141244	0.3289666	0.0436811	0.5225224	0.0002467	0.4469277	0.5861737	0.7633761	0.6895915	0.6437539	0.7138134	0.7372049	0.4542229	0.7248201	0.1473632	0.3697232	0.1768364	0.5161314	0.4629916	0.3111276	0.1215217	0.3486708	0.3195903	0.4694811	0.1188749	0.7037866	0.3239748	0.5295013	0.7532031	0.4344636	0.2863231	0.3992152	0.1760351	0.1666768	0.0070440	0.2007091	0.5669150	0.2069564	0.7091732
0.7062960	0.3152516	0.4963168	0.4168148	0.8086664	0.0307172	0.0394374	0.0477074	0.3790281	0.6523897	0.2359776	0.0000000	0.2796797	0.0616486	0.5856338	0.0012578	0.4932358	0.6611261	0.6915110	0.5990679	0.6574338	0.7137001	0.6560343	0.5016334	0.7530373	0.1777019	0.4282166	0.1841471	0.5122351	0.4273644	0.3465580	0.0653503	0.2394586	0.3013855	0.3950573	0.1350658	0.6722101	0.3320282	0.5719042	0.6138457	0.4927549	0.2941054	0.4138863	0.1874618	0.2148257	0.0023082	0.1051716	0.3815446	0.2735316	0.9376134
0.7318864	0.7263597	0.1937049	0.0339195	0.6072839	0.3609359	0.0653670	0.1528720	0.1072633	0.8267713	0.1917139	0.5986907	0.0000000	0.2056914	0.0974971	0.0000739	0.0113649	0.1573973	0.6751023	0.7459937	0.6940259	0.0456789	0.6661633	0.5882843	0.7301726	0.0233253	0.6745001	0.0341527	0.6494156	0.4946656	0.3142211	0.0955521	0.3595558	0.3303971	0.7690709	0.1156485	0.4179493	0.3706463	0.5481130	0.7186372	0.4094852	0.0254576	0.6865354	0.0688069	0.2884626	0.0402711	0.0951568	0.4577736	0.7467993	0.6711234
0.7774817	0.3648461	0.4141858	0.5068835	0.7175545	0.0567229	0.0178234	0.0371559	0.2344893	0.6985411	0.6673737	0.6386314	0.3261801	0.0000000	0.7467112	0.0000029	0.5709514	0.6175586	0.7646926	0.7210887	0.6905080	0.6846336	0.6265185	0.4882347	0.6850768	0.2635406	0.3676056	0.0847323	0.3866345	0.3695007	0.2887615	0.1053076	0.2750555	0.3097701	0.2562624	0.1257712	0.7019010	0.3177769	0.5106886	0.6867771	0.3459552	0.3052794	0.0260336	0.1847883	0.6455094	0.0101488	0.1341789	0.4791710	0.3394526	0.7111477
0.8416535	0.2443272	0.3413749	0.3831826	0.7251423	0.0495996	0.0327855	0.0559003	0.4514269	0.6936324	0.2425269	0.8240552	0.3065121	0.0331718	0.0000000	0.0000910	0.5540083	0.7365617	0.7798511	0.7692925	0.6526655	0.6471121	0.6945031	0.5807599	0.8183994	0.1964911	0.3808147	0.1653391	0.4885385	0.4872625	0.2552503	0.0943638	0.2723080	0.4220528	0.4060239	0.0762604	0.7465127	0.2136511	0.5920145	0.6428080	0.3921120	0.3351055	0.2483817	0.1896802	0.1655528	0.0248737	0.1117989	0.5971143	0.3192872	0.7440492
0.7010751	0.2868605	0.3667453	0.4568018	0.8294212	0.0880327	0.0318119	0.1069626	0.3255213	0.7228885	0.2137517	0.7779049	0.3038220	0.0575428	0.4872544	0.0000000	0.4898120	0.7197142	0.5915778	0.7862296	0.6515392	0.6382668	0.7837501	0.6029634	0.9077439	0.1754530	0.3758145	0.2191222	0.5917106	0.2806725	0.1880122	0.0808819	0.3096015	0.4147953	0.4045360	0.1184600	0.8025150	0.3314714	0.7104196	0.7312145	0.3471298	0.2198512	0.3668584	0.2704728	0.1681852	0.0050436	0.0819130	0.3855900	0.2385510	0.6612015
0.7226005	0.3097346	0.5166111	0.4900140	0.5995301	0.0596492	0.0221161	0.0617913	0.4461784	0.7440536	0.2184331	0.6457472	0.2221429	0.0500892	0.5790021	0.0000209	0.0000000	0.6755290	0.6304251	0.6806962	0.7505012	0.6134446	0.8245141	0.5353894	0.8213514	0.1814310	0.3913996	0.2104907	0.4973425	0.4008107	0.2412752	0.1244403	0.2502110	0.2745561	0.3303928	0.1399896	0.7329929	0.3076094	0.5921792	0.7706477	0.4136605	0.3257082	0.3091527	0.2111565	0.2244068	0.0065444	0.1146416	0.5012781	0.2678172	0.8238692
0.7839998	0.3277145	0.4146797	0.4154834	0.7883621	0.0464394	0.0383874	0.0619169	0.5315662	0.8281067	0.2038677	0.8247119	0.2873575	0.0463397	0.4285563	0.0003711	0.3739513	0.0000000	0.7834749	0.6618259	0.7150470	0.0299874	0.7341436	0.5600192	0.6713957	0.2486878	0.3204752	0.2181026	0.5832816	0.4685193	0.2131160	0.1165855	0.3405263	0.3193483	0.5175610	0.1219323	0.7938293	0.2892430	0.5353762	0.7475345	0.4107994	0.2816009	0.4435055	0.1720415	0.2107795	0.0152855	0.1516667	0.5668906	0.2907004	0.7210020
0.8170702	0.7609486	0.2492986	0.0072540	0.9022674	0.2923863	0.0168992	0.1235966	0.0876908	0.7559180	0.0001991	0.7966905	0.0068960	0.1873665	0.1061172	0.2211220	0.0407448	0.2996483	0.0000000	0.6623186	0.8494686	0.0884642	0.6418363	0.0500795	0.6366687	0.0256331	0.6466035	0.0189340	0.6660199	0.6847771	0.1133277	0.1190269	0.4807423	0.2719915	0.3752713	0.1144419	0.1855596	0.3377825	0.6417028	0.6910591	0.6340870	0.0525034	0.7417550	0.2876280	0.2639544	0.0378599	0.7926629	0.0749213	0.7097709	0.3301894
0.7054864	0.2339162	0.2661301	0.4152240	0.6923844	0.0746075	0.0348501	0.0870656	0.3007973	0.8686739	0.2147372	0.5939124	0.2682376	0.0671169	0.6102096	0.0000004	0.4524574	0.6869730	0.8077216	0.0000000	0.8233499	0.5507684	0.6317733	0.4447458	0.8116656	0.2036802	0.6729602	0.1924846	0.4383987	0.5033668	0.2889506	0.0830876	0.4537893	0.1771215	0.2932922	0.1663461	0.7512848	0.8544801	0.7626335	0.6037219	0.2757575	0.3474602	0.0218031	0.1979454	0.2135985	0.0034074	0.7707952	0.5251401	0.2751755	0.7889160
0.7366561	0.2535755	0.4975075	0.5996375	0.7689415	0.0461930	0.0285951	0.0804523	0.4483710	0.8028347	0.3228285	0.7888303	0.7574858	0.0484224	0.5622480	0.0001481	0.6362598	0.7299651	0.7460934	0.9018942	0.0000000	0.4983572	0.7230193	0.5926515	0.8070617	0.4412956	0.3840749	0.2853492	0.4953402	0.5482374	0.2189365	0.7493285	0.2697907	0.3660874	0.5146157	0.1257913	0.7643927	0.3540495	0.5769787	0.5587618	0.4028249	0.3068571	0.5022098	0.1531640	0.2144063	0.0137666	0.1249129	0.6003055	0.1398929	0.7018464
0.6822649	0.2933435	0.2798380	0.4060397	0.7826416	0.0499171	0.0330137	0.0451270	0.2881990	0.7402600	0.1806326	0.6487798	0.4390377	0.0342532	0.5768697	0.0002557	0.4966983	0.7275125	0.6323322	0.7408924	0.6959250	0.0000000	0.7308485	0.5276132	0.8328362	0.2123464	0.3178665	0.1532918	0.5369232	0.4749782	0.2916582	0.0802725	0.2773758	0.3573460	0.4116667	0.1049663	0.6667390	0.3293978	0.6354671	0.7069135	0.6295956	0.2912198	0.2279084	0.1761885	0.2031193	0.0250717	0.0957773	0.4236460	0.2763459	0.7358387
0.7578539	0.2479497	0.4629048	0.4002846	0.6565191	0.0765004	0.0531789	0.0523070	0.2978908	0.6489328	0.1931183	0.5939811	0.2537705	0.0396266	0.3930383	0.0003325	0.3870723	0.8233912	0.6927046	0.8658139	0.6161682	0.6408628	0.0000000	0.6160332	0.7728604	0.2091270	0.3953753	0.1890413	0.6717176	0.4875461	0.2370595	0.0774172	0.3441267	0.3239581	0.4346600	0.0790330	0.5410173	0.3554118	0.5975596	0.6298312	0.3770416	0.2962116	0.4327739	0.2346372	0.1884530	0.0103261	0.1111587	0.5010737	0.3628414	0.7738388
0.6238809	0.2195945	0.3786063	0.5490775	0.7319585	0.0477324	0.0405538	0.0255656	0.4286882	0.7277370	0.1943335	0.6477438	0.4008815	0.0570387	0.5734573	0.0001729	0.5254580	0.7182566	0.6584969	0.7329040	0.7459126	0.7003706	0.6230972	0.0000000	0.6556439	0.2663249	0.8012932	0.1249466	0.3990104	0.3477413	0.3016777	0.0903722	0.3319590	0.2807582	0.2343588	0.1360931	0.4147833	0.3725344	0.6378158	0.8080645	0.3447055	0.2601918	0.1700597	0.5819935	0.3701828	0.0050004	0.1514628	0.0578177	0.2905608	0.7147491
0.6416309	0.3116882	0.4538783	0.6539082	0.6560404	0.0368108	0.0356550	0.0732668	0.4584799	0.6410383	0.2303659	0.5573381	0.2812162	0.0512768	0.4402476	0.0017808	0.4848953	0.7818614	0.8050363	0.6860771	0.8045977	0.6224150	0.7468365	0.4921574	0.0000000	0.1808604	0.3892240	0.1849487	0.3954451	0.0725510	0.2418316	0.0847211	0.2873629	0.6028086	0.5045806	0.1437359	0.7903130	0.3748116	0.6438541	0.5981408	0.4270688	0.2695407	0.3385648	0.2695357	0.2819768	0.0212942	0.0738293	0.4836983	0.2125617	0.8110254
0.7678597	0.2548117	0.4925077	0.4553735	0.8440137	0.0641941	0.0700652	0.0771197	0.3428372	0.7735861	0.2429150	0.5150059	0.2761536	0.0513925	0.6503002	0.0000057	0.5058436	0.6985854	0.7025725	0.7442787	0.7569586	0.6161439	0.8264321	0.5443638	0.7053374	0.0000000	0.3124832	0.1250805	0.5325027	0.5039166	0.3115200	0.1315432	0.2923984	0.2466173	0.4957971	0.0656160	0.6924557	0.3030399	0.6159545	0.6877326	0.3180786	0.3776685	0.2303926	0.1846255	0.3506671	0.0186726	0.0984730	0.5288670	0.2976178	0.7229386
0.7287464	0.3061225	0.5011986	0.4570476	0.6951508	0.0213013	0.0592506	0.0704675	0.4257489	0.7384282	0.2153313	0.8292446	0.2736969	0.0873610	0.4524874	0.0006910	0.6193488	0.9159430	0.6508557	0.6994148	0.7114966	0.6168998	0.6890803	0.5359307	0.7988137	0.2200771	0.0000000	0.2078537	0.4910301	0.5187264	0.3012813	0.1073428	0.3074205	0.3359357	0.5369256	0.1131736	0.7209690	0.4119277	0.5069859	0.5978549	0.3642938	0.2531955	0.3581538	0.2100826	0.2488811	0.0209227	0.1123918	0.5368167	0.2340369	0.6490811
0.7758510	0.3169671	0.5423920	0.4671591	0.7240710	0.0384284	0.0538137	0.0517351	0.4371375	0.6383983	0.1938417	0.6979429	0.2356348	0.0506233	0.5515764	0.0000198	0.5022027	0.6753746	0.7342321	0.7472155	0.7950036	0.6860626	0.7661952	0.5680081	0.6609394	0.2337365	0.3954427	0.0000000	0.5262239	0.4384365	0.2772790	0.0693915	0.2898459	0.2728132	0.3851588	0.0911044	0.7722229	0.3360974	0.5724789	0.6089690	0.3195126	0.2554227	0.3912577	0.1878888	0.2002903	0.0027346	0.1149849	0.4674455	0.2158322	0.7783041
0.6678430	0.3549602	0.4694374	0.3581224	0.5892610	0.0303326	0.0417492	0.0825096	0.3305783	0.7899793	0.1838543	0.6218403	0.3001194	0.0653763	0.4762520	0.0000212	0.4558897	0.7928815	0.9033726	0.7653842	0.6326049	0.7066838	0.6759296	0.5109189	0.6332332	0.1737270	0.4248695	0.2283996	0.0000000	0.4325772	0.3181869	0.0757838	0.4318629	0.4030646	0.3999512	0.1583159	0.6811414	0.2527144	0.5694005	0.5783747	0.4480938	0.3317485	0.5430574	0.1743789	0.3575200	0.0221244	0.1003847	0.3460154	0.2608111	0.7721871
0.8276355	0.3218471	0.4161036	0.5293770	0.7166042	0.0674940	0.0319639	0.0523121	0.4127315	0.8778666	0.3303593	0.5512766	0.2758720	0.0459128	0.4620029	0.0012447	0.4860883	0.7724044	0.8070574	0.6324331	0.7923491	0.6108641	0.6549598	0.5965218	0.8702060	0.1789552	0.4613878	0.0991045	0.4524214	0.0000000	0.1800455	0.0883790	0.3326296	0.3831944	0.5560615	0.1068762	0.6373681	0.4581738	0.6871003	0.5856553	0.3478602	0.2760720	0.2769365	0.1825287	0.2169013	0.0116345	0.0969970	0.3771294	0.3287487	0.7934217
0.7544808	0.2865061	0.3357433	0.5006962	0.8018485	0.0413168	0.0401370	0.0930477	0.3145254	0.7087411	0.2450434	0.6930327	0.3003707	0.0133476	0.6750350	0.0001436	0.5179657	0.5965136	0.7693887	0.6901518	0.7375339	0.6291270	0.7863957	0.5615686	0.7548914	0.2135220	0.3358558	0.1686537	0.2274365	0.4554767	0.0000000	0.1375943	0.3856382	0.3319201	0.3261561	0.1362960	0.6233148	0.3599235	0.6584873	0.6639903	0.3873803	0.2897005	0.0929462	0.1765109	0.3080697	0.0054288	0.1329694	0.4408172	0.3539917	0.6275918
0.6917067	0.3385614	0.3236349	0.4480669	0.7450362	0.0319517	0.0454465	0.0626323	0.4332317	0.6811942	0.1584505	0.6246525	0.2551418	0.0341757	0.6395141	0.0000420	0.4173095	0.7161191	0.7706725	0.8899264	0.6776198	0.6818857	0.6539575	0.4995892	0.7572643	0.2529043	0.3731291	0.2277870	0.4125699	0.4258226	0.2269306	0.0000000	0.3913999	0.2877603	0.4587232	0.1597851	0.7083337	0.2330442	0.6464438	0.6925817	0.3413683	0.3667925	0.2588764	0.2476762	0.2066006	0.0056382	0.0752694	0.4866646	0.2136162	0.7496654
0.6673062	0.2059129	0.4954945	0.4035151	0.7097504	0.0419247	0.0483115	0.0794425	0.5096661	0.7794093	0.2290638	0.6890207	0.3297365	0.0316945	0.6271612	0.0013393	0.3249417	0.7547551	0.8556882	0.8929631	0.5564968	0.6792477	0.7584927	0.6737624	0.6518740	0.1697867	0.3590013	0.2188609	0.3327229	0.5554785	0.2543684	0.0590341	0.0000000	0.3651309	0.3360579	0.0972666	0.8327906	0.3321461	0.8130000	0.6200676	0.3235242	0.3391765	0.1571101	0.2028135	0.2664458	0.0112670	0.1214403	0.4672384	0.3054573	0.7202796
0.6810179	0.2852352	0.4958653	0.4632601	0.8867742	0.0399289	0.0238095	0.0638573	0.4683698	0.7322763	0.1709247	0.7057631	0.2365414	0.0182298	0.5334326	0.0000180	0.3294187	0.6789876	0.6171352	0.7460703	0.7054070	0.6417443	0.7953720	0.6985857	0.7542612	0.2317447	0.4185918	0.1926280	0.4450842	0.4992880	0.2057193	0.0862718	0.2769995	0.0000000	0.4313084	0.1926299	0.6481034	0.2622764	0.6159865	0.6441039	0.3497015	0.3104382	0.2991824	0.2016367	0.1571500	0.0154020	0.1137124	0.4519204	0.3186283	0.7676427
0.7928874	0.3066003	0.3720473	0.3179922	0.6093584	0.0691630	0.0568220	0.0923530	0.3148555	0.7119918	0.2024901	0.7352951	0.3929220	0.0312767	0.5502011	0.0004785	0.4270076	0.7412588	0.7233202	0.7678595	0.6976591	0.5577492	0.9147471	0.7722635	0.7997266	0.2560615	0.3640158	0.1730867	0.5030493	0.4622021	0.2772497	0.0689042	0.2628214	0.2627365	0.0000000	0.1505862	0.8527938	0.3046180	0.6283990	0.6156927	0.3209275	0.2883978	0.3078334	0.2139753	0.2291337	0.0153099	0.1187843	0.4530689	0.3601983	0.7063211
0.6754546	0.2565811	0.4658940	0.4597084	0.8020881	0.0814059	0.0102370	0.0453486	0.3135415	0.8357363	0.2926157	0.6968264	0.3159901	0.0366554	0.5402050	0.0000068	0.5999698	0.6101122	0.8170453	0.7528247	0.7040788	0.7236588	0.7729228	0.6168423	0.6035792	0.3409376	0.3931258	0.1885310	0.3624278	0.4451791	0.2406075	0.1203465	0.2954413	0.3353225	0.4078355	0.0000000	0.7123611	0.3408078	0.6799317	0.5667370	0.3165755	0.2571449	0.2372113	0.2387903	0.1973260	0.0083467	0.1198009	0.5118184	0.2006851	0.6867634
0.8467554	0.4187852	0.3494627	0.3286881	0.7022933	0.0365531	0.0365503	0.0456929	0.2483331	0.8200024	0.2135117	0.7707036	0.2674584	0.0364290	0.3872157	0.0000420	0.4429006	0.7081252	0.7781805	0.8092143	0.8143278	0.6090445	0.8075976	0.5000501	0.6661906	0.1620509	0.3633560	0.1360870	0.6299730	0.3993145	0.2326227	0.1139665	0.2748213	0.3238003	0.5137984	0.1507515	0.0000000	0.3074612	0.5947115	0.5880003	0.3775148	0.3413857	0.3529891	0.2095353	0.2405800	0.0268131	0.0908964	0.5707845	0.2756858	0.7851651
0.7022451	0.2442459	0.4887644	0.5746495	0.7487946	0.0384532	0.0431832	0.1053099	0.3785828	0.6671277	0.2020985	0.6783722	0.3656996	0.0411763	0.4709756	0.0001545	0.5943914	0.7580823	0.7123342	0.6331945	0.8110262	0.7383074	0.7105995	0.5756855	0.7164954	0.1694973	0.4724118	0.1547090	0.5088060	0.4086010	0.2895701	0.0826032	0.3336436	0.3690135	0.4555496	0.1365272	0.6706193	0.0000000	0.7215666	0.6718809	0.3213739	0.2189299	0.2018066	0.3263413	0.2373672	0.0142710	0.1563906	0.5165904	0.3078689	0.7769603
0.5906116	0.2430555	0.3130003	0.4406177	0.7488814	0.0614889	0.0414790	0.0276483	0.4434860	0.7310209	0.2497457	0.7928183	0.2763089	0.0430657	0.5565012	0.0001552	0.5447951	0.9297431	0.6810175	0.6852103	0.7099648	0.6526676	0.7289681	0.5275661	0.6454124	0.2598226	0.4717116	0.0701597	0.4108016	0.4858036	0.3353318	0.0913250	0.2723069	0.3275677	0.3611489	0.1539864	0.7385987	0.3110888	0.0000000	0.7070670	0.3956956	0.2563325	0.1415442	0.1927615	0.2335257	0.0282684	0.1236626	0.5105412	0.3701432	0.6899594
0.7377559	0.3420877	0.4562376	0.4487817	0.6637327	0.0381809	0.0430066	0.0866253	0.4284459	0.6996817	0.2066030	0.6639431	0.2649582	0.0379160	0.5101841	0.0000076	0.4415625	0.7286919	0.9141922	0.8860961	0.7461018	0.7656631	0.6060635	0.5164013	0.6731027	0.2224218	0.3979625	0.2657531	0.4014269	0.5057324	0.2696946	0.0749511	0.3213551	0.2711948	0.3580340	0.1291638	0.6629801	0.2934387	0.6620428	0.0000000	0.3457655	0.3094742	0.2521727	0.2003248	0.2683391	0.0102753	0.1118526	0.4979909	0.2467410	0.7775048
0.7712992	0.2857250	0.3413331	0.3094974	0.8403976	0.0725683	0.0309008	0.0616768	0.3736392	0.5964022	0.3273341	0.7344521	0.2920580	0.0492993	0.6137205	0.0028891	0.3596975	0.7390888	0.7594370	0.8266826	0.9293539	0.7032407	0.7624335	0.6129276	0.7115117	0.2098824	0.3910826	0.1160682	0.3889697	0.4091471	0.2525528	0.0987847	0.2791924	0.3509779	0.3607253	0.1353454	0.6127972	0.3241947	0.7314901	0.7784272	0.0000000	0.2799385	0.0408024	0.2064509	0.3069369	0.0144455	0.0940649	0.4384473	0.2552538	0.8231074
0.7571287	0.2388635	0.3784809	0.4019283	0.7253290	0.0593388	0.1032896	0.0847106	0.4084902	0.6762577	0.1880958	0.6748855	0.2591523	0.0454547	0.5235250	0.0000099	0.5331927	0.6782251	0.8130744	0.7997345	0.6806978	0.6352901	0.7068752	0.4517532	0.7551873	0.1680545	0.3499007	0.2482291	0.4073268	0.5081664	0.2527180	0.1047179	0.2683691	0.2651481	0.3848540	0.1132031	0.8710681	0.3416352	0.6550207	0.6981861	0.5018356	0.0000000	0.3114453	0.1892328	0.2271552	0.0190399	0.1655145	0.5157149	0.3573737	0.7100894
0.6223881	0.2588909	0.6034028	0.4685954	0.8994752	0.0526229	0.0355488	0.1058099	0.4418511	0.6572053	0.1933442	0.8013202	0.2938512	0.0386882	0.4953610	0.0000861	0.4217396	0.6130000	0.7723139	0.8076614	0.6352928	0.7088918	0.7312861	0.4636175	0.7697599	0.3078967	0.2917327	0.2589340	0.5796128	0.4925341	0.2343633	0.0842723	0.3288948	0.3159194	0.3645905	0.1393640	0.6946199	0.4324652	0.6366556	0.6201330	0.4547229	0.3704872	0.0000000	0.1856611	0.1817444	0.0072086	0.1951762	0.5131382	0.2635883	0.7258622
0.7808857	0.3549402	0.3525857	0.5275113	0.6414756	0.0601607	0.0346147	0.0538658	0.3310799	0.7656001	0.1617642	0.7133530	0.3056355	0.0243761	0.5148659	0.0002054	0.5746559	0.6306602	0.6995912	0.8140846	0.7525217	0.6654938	0.6776766	0.5311343	0.7621737	0.2350323	0.4172191	0.2099160	0.3287838	0.3989215	0.2711859	0.0552480	0.3027059	0.4295190	0.3991432	0.0888809	0.7125688	0.2906957	0.6523770	0.5635199	0.4424091	0.3815389	0.1977445	0.0000000	0.2283975	0.0053066	0.1289057	0.5516217	0.2692773	0.7690702
0.6778081	0.2432686	0.3853330	0.4045800	0.6323187	0.0891093	0.0261959	0.0838389	0.3932061	0.7325118	0.2511105	0.7102229	0.1994584	0.0430339	0.4996601	0.0000332	0.4766997	0.7241935	0.8844556	0.7719923	0.6784263	0.7176553	0.6504831	0.5151731	0.6517022	0.2813156	0.4776782	0.1133658	0.3214512	0.5180887	0.2706637	0.0697030	0.3319124	0.3400365	0.5441644	0.1639083	0.7483444	0.2587878	0.5802185	0.6102827	0.3433308	0.2100406	0.2136121	0.2015179	0.0000000	0.0043840	0.0730118	0.5193935	0.2795738	0.7331488
0.8460806	0.3076200	0.3434272	0.4882502	0.8152416	0.0336655	0.0366069	0.0843590	0.4715232	0.7866046	0.1979379	0.6643353	0.3202045	0.0331206	0.5039736	0.0016485	0.5323927	0.6450558	0.7600990	0.6986579	0.7895946	0.6914640	0.7577813	0.5707485	0.6354008	0.3324374	0.3186724	0.1692480	0.5193366	0.4829538	0.2175132	0.1142005	0.2262031	0.3737951	0.4422454	0.0714825	0.7256368	0.3658053	0.5441377	0.5766295	0.3701818	0.2529126	0.2957319	0.1924501	0.2268657	0.0000000	0.1501873	0.3787556	0.2871389	0.7178885
0.7264956	0.2642193	0.3812594	0.4282313	0.7513782	0.0699094	0.0192508	0.0799287	0.3606930	0.6070821	0.3078176	0.5827376	0.2685276	0.0545488	0.4794355	0.0003198	0.5029575	0.7921459	0.9278678	0.7009648	0.7976754	0.6784563	0.8242823	0.5373434	0.7044674	0.1869693	0.4519285	0.0906898	0.5232501	0.5850440	0.2769041	0.0613570	0.2572564	0.4168215	0.4750469	0.1618119	0.8163602	0.3097036	0.5867637	0.7040528	0.4263059	0.2954856	0.3828145	0.1798129	0.2355689	0.0293952	0.0000000	0.4705387	0.3775542	0.8063884
0.6177024	0.3622551	0.4816294	0.5969635	0.6564432	0.0812842	0.0855765	0.0780272	0.3659739	0.7967925	0.2447883	0.6508370	0.2861896	0.0571781	0.3349818	0.0001206	0.5442202	0.6624972	0.7133943	0.7118446	0.6097930	0.6218028	0.7674305	0.5461424	0.7226620	0.2200082	0.3857701	0.1392749	0.5519377	0.5348978	0.3437749	0.0538778	0.2463990	0.2894898	0.5149584	0.0843113	0.7494528	0.3828140	0.6557388	0.5496465	0.4686820	0.3520156	0.5173110	0.1432089	0.1675095	0.0131537	0.1563849	0.0000000	0.2919572	0.7972495
0.7052848	0.1999407	0.4208170	0.4732030	0.7679423	0.0389228	0.0386447	0.0686306	0.3973116	0.7050891	0.2015456	0.6376920	0.2667782	0.0451454	0.4947710	0.0001477	0.5122937	0.6926042	0.7659100	0.6464199	0.6703445	0.6695876	0.7265466	0.5120146	0.7774311	0.2395724	0.4592661	0.1270201	0.6434013	0.4310329	0.2515042	0.0972174	0.2595889	0.3386648	0.4396757	0.1099088	0.5526215	0.4339321	0.6019650	0.6160809	0.4007481	0.2552224	0.4315947	0.1654008	0.1839846	0.0093641	0.1226864	0.5657305	0.0000000	0.6553346
0.7854802	0.3267752	0.3277876	0.3936141	0.7767694	0.0575999	0.0550559	0.0415358	0.2923030	0.7742790	0.1776795	0.5313179	0.3052345	0.0291262	0.5362706	0.0008681	0.5898516	0.6544158	0.8107279	0.7294489	0.6314974	0.5618782	0.7023162	0.4563726	0.8086715	0.2817449	0.3618231	0.0663652	0.5660241	0.4924518	0.2077289	0.0518680	0.3481812	0.3340755	0.5470482	0.1310959	0.6479468	0.3104898	0.6607224	0.6970251	0.5041267	0.2775679	0.2937069	0.1578973	0.3625308	0.0094295	0.1566188	0.5828584	0.2759601	0.0000000
