YCR096C	YKL020C	YOL089C	YPR199C	YCR040W	YMR019W	YHR006W	YJR147W	YKR034W	YJL110C	YOL067C	YCL067C	YJL056C	YLR013W	YGL254W	YDR463W	YPL038W	YDR081C	YBL103C	YFL021W	YCR097W	YDL170W	YML113W	YDR421W	YBR083W	YKL095W	YLL055W	YJR110W	YBL113C	YDR180W	YPL251W	YDR068W	YJR011C	YJL195C	YDR508C	YFR042W	YCR090C	YCR041W	YDR067C	YJR080C	YCR039C	YBR292C	YFL002WA	YBR006W	YLR027C	YJR008W	YAL012W	YMR257C	YIR029W	YPL243W
0.0000000	1.0048801	1.1007195	1.0903803	0.9066834	0.2502959	1.0348430	0.9397778	0.0225095	0.0057067	1.0074133	0.5321528	1.0053108	0.8749508	0.4892949	0.2437298	0.9652643	0.9414128	0.9761342	1.0081304	0.2875824	1.0523927	0.8041034	1.0817900	1.0465847	0.3362153	0.0573828	0.4501625	0.4264369	0.7856136	0.8355743	0.6533217	0.0484805	0.8699916	0.6778612	0.0905379	0.6893916	0.4105366	0.7391457	0.8214638	0.8754079	0.8185684	0.5855887	0.4328086	0.4704061	0.2672396	0.1203436	0.9355450	0.3422158	1.0079624
0.7425141	0.0000000	1.0130643	0.8899586	0.8819627	0.2105953	0.9496368	1.0728706	0.0244512	0.0153465	0.9662089	0.5734898	1.0076116	1.1754383	0.5150166	0.3107662	1.0301598	0.9072143	1.0360059	0.9385994	0.2910754	1.0655212	1.0022827	0.9762645	1.1092257	0.2835189	0.0509572	0.3463664	0.4461549	0.5536088	1.0018389	0.7162854	0.3562957	0.8471525	0.7133074	0.0593486	0.8075063	0.4171451	0.8218824	0.7330942	1.0359841	0.9254635	0.6437270	0.4974649	0.6411831	0.2684967	0.0939577	0.8074544	0.3008383	1.0791455
0.7264373	1.0752868	0.0000000	0.9393988	0.6674888	0.1389228	1.0217394	0.9748139	0.0140040	0.0198352	0.9510452	0.4583541	0.9373302	1.0059803	0.4075717	0.2859002	0.8486141	1.0978168	1.1150178	1.0268132	0.9968319	1.0562683	1.0892356	0.9633152	0.9917951	0.4050582	0.0249747	0.5096261	0.4425647	0.7206679	0.9826526	0.6321259	0.0031407	0.8900629	0.7041388	0.0408534	0.8272951	0.3935413	0.7645799	0.7997762	0.7130096	0.9627894	0.7489429	0.4850632	0.3930463	0.3258188	0.1181353	0.8901773	0.3149079	0.9748623
0.7421935	0.9552962	0.9919313	0.0000000	0.8391543	0.2408821	1.0140112	0.9961082	0.0190620	0.0165285	1.0554566	0.5540168	0.9980470	1.0837063	0.4518073	0.2585727	0.9487775	1.1112078	1.1018689	1.0378495	0.2939859	0.9060903	0.9908000	1.0884996	1.0103899	0.3913469	0.0904429	0.4095014	0.4157708	0.6431570	0.8263722	0.6214852	0.0350075	0.8684679	0.6005811	0.0849287	0.7118718	0.1679164	0.8533632	0.7032108	0.7768673	0.9012623	0.6915378	0.5116896	0.5128330	0.2682255	0.1155358	0.0825860	0.3703269	1.0325174
0.7014065	0.9927232	0.9336870	1.0848797	0.0000000	0.2376857	0.9578348	0.9376131	0.0079181	0.0134256	0.9691376	0.4781204	1.1208210	1.1098250	0.5488569	0.2228171	1.0047029	1.0446109	0.9374593	1.0244283	0.3428272	0.9653816	1.0252670	1.1057868	1.0410153	0.3495516	0.0846086	0.3759539	0.4317178	0.6853439	0.8760689	0.6544717	0.0580077	0.8747210	0.6897890	0.0924722	0.8151458	0.4265852	0.8343830	0.7769676	0.8754748	0.8543220	0.7399609	0.4556644	0.6939947	0.3639108	0.0915913	0.7764414	0.2927579	1.0258160
0.8099440	1.0221999	1.0424957	1.1335844	0.6745735	0.0000000	1.1282035	0.9296073	0.0144266	0.0101788	0.9354233	0.4808872	1.0102295	0.9094513	0.4639895	0.3388731	1.0379818	0.9656953	0.9804997	0.9915086	0.3457135	1.0288082	0.9714328	1.0047310	0.9944162	0.4202217	0.0588540	0.3983219	0.5006326	0.6021245	0.8114624	0.6046528	0.0522947	1.0014289	0.7163395	0.0358437	0.8789427	0.5049137	0.8619590	0.6784881	0.9973310	0.9737499	0.6963811	0.4937933	0.7411289	0.2646037	0.0940373	1.0034800	0.2677430	0.0230192
0.6968449	1.0727048	0.9287661	0.9824728	0.8616067	0.2330628	0.0000000	1.0265572	0.0111967	0.0202268	1.0610468	0.4565223	0.9731671	0.9490124	0.4632476	0.2494818	0.9666861	1.0485270	1.0498910	0.9663027	0.3390362	0.9189894	0.9815330	1.1170707	0.9967493	0.4065918	0.0468203	0.4427572	0.5081084	0.7296284	0.8773784	0.7346241	0.0467217	0.7832716	0.7274904	0.0657496	0.8522906	0.1310307	0.7965818	0.8435280	1.0995082	0.8856159	0.0042135	0.4759143	0.5466121	0.3296191	0.1116565	0.9216109	0.3385307	0.9995981
0.7267347	1.0246559	1.0374943	1.0947290	0.7567503	0.1137983	0.9957923	0.0000000	0.0174245	0.0217799	0.9861286	0.5303171	0.9165580	1.0216343	0.5618452	0.2472984	0.9141804	0.9362472	1.0869298	1.0558804	0.2812981	0.9727022	0.9794183	1.0233099	0.9094068	0.2940918	0.0456922	0.4247953	0.3986691	0.6175315	0.9701489	0.7608449	0.0183631	0.8996094	0.6994036	0.0431333	0.9349085	0.4004226	0.7490725	0.7929531	0.8491496	0.9988108	0.8095162	0.4466227	0.5478208	0.2835644	0.0882082	0.8420032	0.3104568	1.1104826
0.7911742	0.9487108	1.1139479	0.9264288	0.8792918	0.2461440	1.1707249	0.9237030	0.0000000	0.0128700	0.9835502	0.4986686	0.9782183	1.0651678	0.4720263	0.2771467	0.9632529	0.9631024	0.9974133	0.9980253	0.3434736	1.0529836	1.0888511	1.0578023	1.0202418	0.3193402	0.0803472	0.4869772	0.4537498	0.7598490	0.8645737	0.7360731	0.0516145	0.9601975	0.6192920	0.0825409	0.8437735	0.3575478	0.9735784	0.7527813	0.8977802	0.8412576	0.8537474	0.4879918	0.6491975	0.3038270	0.1389831	0.9799663	0.3115067	0.9828338
0.7664570	1.0320975	0.9085222	1.0070579	0.5927705	0.2474562	0.9246307	1.2173397	0.0098051	0.0014036	0.9823883	0.5242880	1.0104976	1.0681692	0.4651682	0.2883223	0.9720611	0.9808343	1.1106915	0.9761863	0.3129609	1.0320580	0.9750785	0.9486640	1.1269503	0.3467810	0.0720896	0.3874738	0.4373906	0.6493042	0.9438801	0.7242738	0.0774298	0.7998261	0.7237007	0.0823410	0.7488281	0.3754177	0.7181309	0.8045690	1.0471331	0.8994019	0.7372986	0.3829307	0.6189268	0.2641674	0.1168081	0.8596408	0.3297063	1.0323962
0.6999079	0.9388618	0.8998911	1.0988011	0.6762608	0.0303111	1.0024767	1.0849693	0.0045779	0.0212610	0.0000000	0.4837243	0.9125824	1.0176322	0.0163031	0.2807291	0.9627019	0.9673260	1.1062465	1.1201511	0.4093348	0.9304068	1.1026973	1.0041405	1.0061105	0.3016700	0.0450628	0.3855967	0.4100762	0.7621039	0.8820219	0.7104020	0.0536683	1.0716264	0.6959092	0.0268528	0.7150039	0.4172303	0.8170045	0.7576604	0.9477500	1.0827959	0.7653347	0.4643450	0.5084848	0.3338078	0.1261702	0.9431432	0.2898616	1.0077189
0.6311572	1.0578137	1.0627047	0.9832056	0.6462880	0.2651645	0.9837940	0.9432162	0.0222834	0.0310955	1.1133148	0.0000000	0.9540018	1.0326974	0.4897129	0.2937789	0.9475083	0.9166959	0.9794699	1.0116527	0.2741390	0.9735242	1.0077091	1.0290573	1.1101013	0.3458388	0.0520138	0.3991520	0.4388940	0.6319528	0.8729342	0.7402483	0.0415579	0.8698145	0.6923515	0.1004798	0.7274718	0.4490015	0.7357278	0.8498433	0.8188363	0.8861107	0.7213735	0.4787884	0.4931062	0.3774407	0.1213815	0.8372050	0.3130632	1.1494516
0.6696284	0.9276595	1.1474723	0.8948297	0.8289935	0.2214581	1.1205811	1.0078834	0.0232450	0.0214335	1.1255417	0.4784269	0.0000000	1.1569059	0.4721597	0.2814966	1.0220135	1.0544541	1.0430693	0.9027619	0.3509621	0.9958801	1.0718494	1.0481464	1.0171200	0.3974166	0.0612051	0.4702081	0.4730365	0.6403705	0.8928768	0.6894580	0.0609348	0.7638821	0.7207888	0.1086772	0.8064983	0.1589958	0.6842993	0.7406932	1.0591795	0.8208858	0.7400929	0.4974575	0.6080761	0.3186486	0.1061090	0.7406087	0.3014473	0.9762635
0.6875312	1.0833642	0.9518974	0.9575979	0.8272527	0.2348431	1.0319721	1.0284009	0.0051178	0.0178463	1.0491293	0.5317600	1.0406721	0.0000000	0.4502850	0.1983682	1.1740330	1.0060851	1.0125523	1.0436973	0.3212935	1.0865610	1.1173089	0.9698669	0.9649018	0.3524945	0.0645920	0.4298688	0.4672110	0.6788678	0.9438941	0.7066867	0.0350111	0.8193067	0.6890902	0.1069414	0.8773259	0.4854133	0.8223471	0.7251261	0.7973290	0.8064784	0.7099293	0.4462593	0.6039683	0.3315534	0.1282374	0.9794430	0.3657702	1.0690997
0.7663701	1.0357962	1.0704669	0.9078941	0.8740539	0.2691089	0.9448223	1.0371902	0.0126800	0.0090134	1.0394850	0.5089260	0.9894854	1.0639749	0.0000000	0.2542602	0.8816931	0.9879234	1.0765504	0.9288560	0.2611388	0.9810495	0.9448551	1.0370307	1.0140110	0.4025749	0.0643640	0.3800400	0.4822117	0.6456787	0.8598245	0.7698880	0.0371106	0.8540878	0.6487879	0.0883079	0.8053934	0.4081149	0.9780067	0.7797174	0.9481811	0.8675490	0.7299544	0.4288363	0.5007036	0.3173931	0.1140363	0.9412195	0.2861939	1.0967545
0.7553044	0.9774390	0.9715314	0.9862382	0.6165967	0.2441320	1.0164615	0.9167695	0.0161766	0.0145052	0.9918065	0.5123557	1.0861681	1.0712766	0.4693226	0.0000000	1.1253987	1.1227859	1.0254208	0.9909096	0.3210124	1.1479729	0.9871399	1.0191477	1.0442968	0.4951577	0.0774636	0.4927991	0.4321960	0.5478118	0.8062349	0.6533415	0.2717856	0.9281569	0.9852738	0.0669618	0.8519425	0.4522929	0.3655236	0.7824457	0.8714484	0.8412606	0.7031401	0.4899016	0.7295789	0.3596742	0.1148394	0.9961696	0.3825586	1.0038866
0.6907411	1.0869800	1.0072725	1.0442688	0.7078207	0.2226624	0.9616243	1.0362825	0.0150250	0.0114301	1.0465730	0.5037032	1.0086266	0.9237928	0.9727417	0.2076149	0.0000000	1.0513163	0.9337242	1.0747234	0.3855835	1.0078724	1.2063366	0.9652098	1.1633551	0.3415011	0.0756760	0.3718318	0.4842936	0.6512552	0.8877857	0.7653713	0.0638330	0.7554358	0.7403466	0.0835455	0.7775741	0.3842784	0.8012047	0.7028030	1.0266667	0.9042813	0.7396310	0.4779375	0.0042694	0.3684099	1.0500656	0.9536823	0.3681936	1.0769087
0.6128145	0.9814889	1.0606688	0.9552459	0.7452350	0.3316715	1.1142332	1.0819532	0.0043531	0.0055770	0.8924996	0.5170234	1.0478145	0.9688234	0.4975775	0.5533978	0.9846160	0.0000000	0.9745775	1.0226326	0.2920597	1.0550455	1.1236642	1.0886338	0.9393335	0.3750510	0.0957020	0.3770598	0.4524340	0.5988341	0.8261076	0.6514509	0.0159884	0.8650061	0.6294750	0.0943167	0.7611989	0.4432589	0.9726847	0.7212221	0.9395744	0.7403788	0.7475563	0.4883292	0.6656510	0.2648436	0.1130437	1.0313645	0.2831221	0.9816670
0.3935657	0.9966348	1.0045010	1.0268472	0.8425280	0.4857441	1.0047045	1.0729943	0.0213560	0.0136946	1.0818251	0.4614680	0.9337767	1.0177004	0.4245881	0.2456821	1.0802602	1.0235822	0.0000000	1.0877433	0.9516179	1.0255516	0.9893015	1.0367261	1.1197462	0.2984236	0.1741604	0.0534969	0.4059248	0.5849033	0.8786233	0.2310406	0.0516574	0.7449711	1.0145421	0.1949269	0.0290667	0.3758590	1.0962420	0.8208799	0.6838472	0.7781149	0.6484555	0.4121369	0.5066296	0.3211495	0.1192159	0.8476820	1.0812128	1.0157415
0.6422625	1.0030424	1.0411881	1.0222434	0.7749885	0.7624125	1.0136168	0.9942566	0.0279282	0.0167619	0.9726968	0.5141465	0.9884680	1.0109679	0.4982235	0.2545943	0.9469023	0.9974842	0.9562866	0.0000000	0.2998561	0.9892831	1.0420480	0.9990438	1.1537856	0.3176166	0.2693400	0.0341935	0.4063153	0.6939409	0.9237237	0.9078049	0.4911886	0.5404667	0.7030535	0.3624244	0.8188995	0.4319958	0.3794511	0.7468366	1.0736900	0.6422912	0.8816444	0.4744876	0.5257958	0.3574283	1.0074116	0.7938076	0.3549267	1.0802288
0.7150943	1.0023607	1.0483816	1.0131874	0.7871682	0.2472820	1.1523927	0.9631437	0.0137020	0.0071268	0.9903963	0.5711177	1.0897501	1.0521812	0.4843438	0.2734326	1.0199392	1.0361098	1.0769980	1.0257148	0.0000000	1.0180620	0.9441162	0.9848001	0.9728161	0.4389776	0.1152729	0.4908413	0.4308405	0.5954092	0.9717356	0.6868721	0.0356601	0.9273867	0.7148256	0.1197133	0.8565618	0.4508094	0.8633309	0.8414618	1.0144686	0.8131189	0.7419466	0.4409288	0.6437386	0.3370276	0.1106844	0.9053728	0.2900857	0.9680512
0.6861541	0.9874907	0.8914993	0.9414243	0.7480308	0.2866191	0.9739660	0.9951117	0.0131249	0.0189157	1.0043510	0.4672818	0.9880035	0.9987628	0.5016622	0.2565823	1.0531570	1.0530167	1.1643373	1.0617789	0.3125409	0.0000000	0.9011250	1.0520548	1.0219488	0.4167139	0.0890860	0.4222407	0.5204097	0.5993076	0.5913651	0.6969789	0.0471737	0.8474764	0.5814762	0.1252874	0.8043727	0.8218120	0.7656703	0.7936879	0.9413178	0.8495836	0.7963631	0.0012079	0.5788637	0.3892112	0.1017971	0.8468563	0.3204405	1.0352747
0.7694967	1.0477978	1.1220758	0.9991093	0.7278240	0.3119822	1.0403134	1.0346708	0.0071617	0.0178800	1.1135799	0.4682803	0.9811559	1.1021703	0.4540322	0.2462661	1.0027735	1.0200887	1.0785710	0.9631797	0.4215634	1.0244452	0.0000000	0.9416624	1.0571335	0.4594377	0.0710516	0.4209579	0.4592097	0.6357660	0.8481123	0.6423928	0.0450191	0.6836723	0.6699345	0.0764079	0.7519766	0.4299634	0.8645934	0.7834633	0.8871010	0.8345051	0.7862143	0.4611512	0.5862922	0.3293508	0.0739039	0.9540500	0.2639722	0.8880138
0.7844729	1.0161101	1.0349227	1.0884846	0.6333117	0.1843867	1.0295857	0.9880461	0.0051839	0.0099540	1.0699574	1.0656192	0.9189930	0.8548959	0.4691495	0.3136898	0.9968755	0.8734047	1.0480105	1.0090334	0.3473914	0.9493019	0.9967121	0.0000000	1.0012279	0.4065049	0.0523932	0.4363881	0.4122912	0.6246578	0.5074210	0.7827564	0.0234316	0.9448371	0.6659376	0.0710154	0.8903069	0.4459401	0.8485749	0.0353300	1.0215968	0.8630130	0.7170085	0.3851736	0.5788036	1.0205845	0.1065680	0.8392543	0.3038823	1.0358669
0.6388925	0.9500268	1.0874804	1.0164181	0.8910470	0.3644727	1.1087333	0.9361576	0.0095952	0.0134823	1.0211736	0.5264926	1.0422263	0.9675944	0.4979547	0.5295163	1.0875718	1.0919356	0.9282669	1.0924438	0.3267694	1.0438858	0.9121641	0.9925949	0.0000000	0.9476078	0.0914881	0.4445919	0.3733924	0.0473221	0.8422917	0.6862150	0.0382879	0.8461609	0.6525988	0.1732293	0.7434385	0.4095059	0.9284862	0.8768907	0.8854510	0.8502655	0.7800277	0.4353645	0.7418942	0.3148236	0.0957688	0.9198404	0.3450097	1.0335236
0.6962987	0.9616449	1.0199292	1.0776893	0.6475609	0.2645961	1.0187975	1.0519401	0.0074486	0.0028712	0.8820372	0.5311692	1.0097026	1.0474198	0.4164633	0.2578748	1.0249581	1.0265579	0.9833954	0.9767357	0.3071137	1.0894138	1.0119344	0.9996645	0.9916383	0.0000000	0.0666342	0.3608929	0.4197135	0.6031411	0.9275001	0.6855425	0.0628087	0.8670540	0.7000811	0.1051494	0.6939281	0.4469888	0.7905328	0.7581667	0.9651081	0.8319165	0.7336806	0.5248094	0.5913384	0.2988875	0.0882692	0.8979618	0.4191812	0.9816913
0.7968757	1.1207025	1.0217828	1.0668914	0.6997124	0.2229924	1.0595617	1.0048923	0.0055844	0.0156923	1.0538341	0.5557287	0.9927274	1.0379846	0.4872896	0.2759680	1.0759465	0.9710422	0.9520807	0.9917554	0.2818366	1.0400225	0.9662282	1.0435603	1.0572905	0.2650878	0.0000000	0.4254519	0.5093043	0.6473950	0.9108707	0.6699106	0.0378447	0.9075220	0.8137533	0.0770280	0.7992889	0.4254603	0.7260305	0.7555255	0.9204046	0.8755221	0.7471187	0.4774875	0.5811101	0.2786119	0.1160702	0.8862987	0.3644997	1.0164035
0.7147622	1.1454379	1.0122391	1.0653820	0.7326842	0.2597359	1.1479140	0.9853509	0.0111802	0.0208206	0.9967585	0.5267906	0.9602697	0.9901522	0.4923280	0.2170082	1.0386875	0.9759307	1.0045121	0.9309898	0.3078770	1.0447733	1.0551898	0.9938595	0.8723937	0.3831585	0.0761711	0.0000000	0.4862715	0.6752190	0.8979260	0.7268000	0.0541446	0.8683715	0.7209050	0.0578770	0.7923274	0.4292661	0.8239173	0.8039030	0.6921219	0.9092600	0.8860148	0.4656830	0.6811817	0.3653718	0.0962029	0.8588359	0.3087746	1.0940674
0.6827877	0.9595716	1.0374770	1.0338704	0.7578124	0.2446731	0.9017548	0.9796928	0.0038368	0.0300053	0.9225448	0.5482100	0.9921673	1.0279884	0.4839393	0.2796767	1.0778798	0.9665733	1.1078553	0.9466981	0.3255580	1.0609057	0.9551300	0.9586827	0.9478813	0.3583445	0.0477328	0.4325854	0.0000000	0.6087263	0.7694113	0.6473480	0.0411861	0.8629425	0.6465018	0.1103246	0.7668928	0.4355145	0.7285565	0.8291725	0.7807470	0.8255591	0.7430675	0.4147422	0.6888337	0.2839185	0.0941563	0.8849347	0.3487206	0.9634502
0.7329026	0.9665168	0.9990862	1.0491926	0.6818440	0.2018957	0.9025760	1.0234509	0.0063829	0.0050466	1.0425927	0.5209336	0.9672255	0.9738433	0.4491505	0.2833271	0.9370827	0.9634507	0.9956041	1.1434989	0.3219276	1.0428792	0.9568646	1.0104477	0.9613809	0.4155718	0.0470265	0.4391989	0.5360135	0.0000000	0.8573267	0.6905119	0.0565844	0.7921027	0.7238791	0.0645461	0.7238516	0.3599343	0.9137002	0.7845148	0.9274078	0.9302116	0.6752226	0.4636541	0.4783180	0.3337883	0.0966365	0.9143673	0.3515112	0.9569477
0.7587472	0.9841845	0.9553879	1.1163520	0.6389070	0.2841630	1.0330445	1.0517603	0.0073824	0.0183940	1.0851774	0.5159206	1.0971941	0.9986232	0.4104607	0.2933660	0.9956793	0.8678825	0.9921745	0.9615019	0.2524214	1.1703715	1.0556947	1.0862882	1.0261093	0.3568062	0.0808558	0.4086333	0.4200155	0.7107087	0.0000000	0.6795234	0.0262181	0.8107993	0.6213813	0.0919937	0.8544558	0.4166007	0.7716633	0.6980758	0.8866678	0.8495642	0.7836287	0.4105919	0.6873949	0.3109585	0.0784929	0.9188289	0.2927614	1.0336978
0.7682973	0.9203810	1.1096088	1.0558551	0.6461603	0.2448598	1.0260352	0.9715787	0.0103850	0.0227169	0.9056499	0.4880854	1.0738358	1.0620456	0.4441755	0.2620960	1.0454968	0.9962376	0.9917595	1.1095223	0.3452257	1.0821599	0.9579724	1.0281569	1.0043504	0.3722957	0.0747493	0.4059781	0.4479771	0.6004983	0.8454454	0.0000000	0.0388534	1.0055037	0.6674474	0.1180758	0.7730671	0.4356809	0.9860064	0.7885766	0.9271471	0.8221140	0.8178030	0.4335233	0.6663612	0.2675886	0.0949042	0.8191739	0.3500499	1.0022900
0.7276150	1.0280879	0.8737905	0.9613635	0.7361997	0.2697037	0.9940764	1.0742012	0.0083010	0.0077537	1.0338614	0.4714593	1.0387839	0.9786496	0.4455175	0.3295107	0.9528152	1.0221252	1.1181772	1.0230464	0.2542108	1.0590519	0.9840225	1.0370588	1.0919971	0.3628432	0.0466383	0.3782980	0.4330379	0.6626117	0.7809351	0.7407176	0.0000000	0.8921741	0.5828144	0.0921012	0.8055289	0.4160458	0.8491220	0.8202985	0.8960672	0.9163072	0.7345785	0.4677663	0.5395921	0.3470035	0.0711484	0.9682339	0.3548664	1.0801097
0.6622056	1.0114377	1.0691268	0.9426121	0.7264134	0.2572287	0.9858805	1.0488636	0.0069910	0.0182973	0.9480668	0.5230471	1.1371234	1.1150516	0.4643761	0.2396493	0.8637421	1.0441347	0.9398417	1.0443392	0.3417871	0.9854444	1.0400585	1.0904616	0.9116144	0.4263610	0.0787785	0.4529628	0.4710823	0.6323556	0.8204721	0.7047029	0.0620965	0.0000000	0.7122894	0.1017411	0.8472146	0.3970493	0.8412266	0.7287587	0.9040857	0.9828818	0.7325807	0.4818902	0.4102173	0.3268891	0.1091049	0.9271626	0.3283494	1.0041475
0.6832159	1.0561690	0.9668828	0.9724387	0.6147799	0.2413642	0.9756618	1.0726591	0.0127162	0.0094023	1.0012260	0.5393483	1.1171649	1.0100802	0.5015212	0.2657090	1.0108368	0.9660240	1.0376772	1.0471218	0.3012584	0.9633390	1.0712217	1.1318070	1.1025785	0.3580057	0.0700953	0.4137766	0.4980257	0.6570538	0.9735731	0.7080447	0.0546280	0.9299231	0.0000000	0.0573804	0.7767567	0.4406151	0.6867375	0.7053189	0.9748226	0.9090691	0.7189489	0.4395560	0.6330870	0.2921385	0.1284935	0.7958360	0.3502883	0.9682872
0.7854432	1.1083210	0.9877901	1.0328767	0.6317118	0.2620538	1.0411029	1.1029629	0.0236526	0.0072785	1.0650434	0.4762517	0.8271347	0.9793948	0.5303780	0.2924808	1.0319263	0.9926272	1.0177191	1.0655818	0.2838361	1.0133741	0.9776362	0.9587017	0.9642870	0.3589295	0.0654875	0.3797776	0.4756807	0.7388717	0.8295856	0.6580015	0.0152601	0.9184142	0.6844301	0.0000000	0.7452255	0.4421059	0.7228990	0.7208578	0.9370493	0.7482550	0.7728985	0.4441914	0.5453541	0.3300067	0.0943655	0.7796380	0.2992753	0.9947544
0.6645440	1.0401940	0.9989899	1.0551718	0.7033348	0.2745116	1.0337924	0.9413449	0.0167153	0.0247156	0.9691200	0.5083683	1.0898292	1.0179096	0.5183056	0.2792145	0.9205265	0.9938793	0.8540597	0.9795739	0.3223530	1.0118456	1.0222455	1.1518737	1.0527842	0.3678294	0.0364415	0.3135682	0.5188626	0.6804710	0.7653118	0.7221878	0.0279300	0.8431489	0.7696196	0.0691901	0.0000000	0.4849561	0.7705028	0.7393611	0.6826749	0.8512525	0.8321392	0.3843155	0.6640542	0.3389626	0.1009334	0.9041145	0.3026625	1.0860568
0.6756027	1.1066350	0.9691315	1.0177909	0.7866744	0.2587333	1.0510803	0.9730176	0.0090992	0.0193373	1.0142893	0.4604245	0.9378065	0.9285820	0.4759310	0.2538587	1.0742486	1.1066768	1.0284769	1.0193760	0.2843145	1.0336241	1.0048475	1.0124491	0.9561826	0.3304642	0.0824478	0.4128019	0.4010397	0.5975492	0.8258815	0.7756684	0.0394015	0.8756520	0.6592929	0.0857412	0.8693789	0.0000000	0.8616287	0.7623424	0.8307894	0.8292939	0.8062405	0.4697666	0.6257240	0.2671233	0.1067496	0.9571965	0.3453739	1.0180913
0.7339010	1.0758320	1.0680264	1.0311036	0.7797070	0.2961960	1.0425563	0.9715777	0.0013846	0.0219247	1.0231910	0.4834357	1.0099136	0.9550733	0.5144983	0.2968992	0.9223136	0.9299252	1.0613986	0.9492551	0.2898689	1.0345543	1.0317336	1.0259737	0.9982913	0.3904705	0.0791855	0.4209096	0.4742347	0.6662989	0.8999111	0.8202478	0.0571626	0.8067232	0.5610591	0.1010724	0.7659133	0.3831622	0.0000000	0.7231560	0.9482153	0.9155463	0.8209226	0.4848166	0.6587745	0.2844147	0.0939307	0.9351505	0.3680914	0.9086094
0.7478230	1.0337181	1.0306397	1.0509784	0.6590583	0.2668999	1.1401597	1.0768628	0.0030838	0.0198763	0.9311026	0.5310868	0.9765860	0.9952406	0.5086477	0.2424356	0.9502663	1.0662431	0.9984717	1.1143621	0.3431371	1.0908455	1.0730553	1.1209925	1.0442887	0.4485240	0.0820984	0.4488537	0.4179055	0.6204371	0.8557482	0.5980320	0.0577209	0.8068319	0.6733877	0.1107591	0.8337055	0.4043003	0.8879513	0.0000000	0.9294014	0.8039296	0.7820054	0.4671027	0.6233735	0.3832301	0.1330943	0.9809482	0.3829178	1.0127622
0.7080127	1.1133138	1.1693126	0.9514505	0.6561544	0.2225769	0.9814799	0.9708364	0.0195237	0.0169315	1.0048308	0.4632370	1.0093959	0.8785496	0.4342630	0.2368251	1.0368646	1.1526348	1.0088710	1.0354717	0.3650005	0.9537093	1.0283593	0.9801068	1.0234467	0.3973107	0.0675560	0.3864206	0.4780121	0.7552232	0.8737276	0.6540123	0.0312819	1.0104996	0.7181373	0.0963260	0.7010371	0.4023899	0.7146279	0.7969373	0.0000000	0.9334361	0.7166086	0.4696400	0.6280549	0.3636161	0.1552422	0.9751390	0.3005635	1.0420128
0.6987997	0.9546899	1.0052323	1.0446790	0.6303793	0.3065126	0.9865485	1.0639235	0.0116471	0.0125465	1.0580378	0.5337145	1.0068593	1.0516123	0.4229292	0.3365256	0.9906018	1.0318394	0.9113480	1.0026209	0.2591080	0.9428162	1.0887037	1.0143488	1.0533702	0.4272238	0.0443652	0.3951314	0.4199737	0.6484824	0.7922398	0.6853490	0.0417116	0.9252318	0.6062063	0.0938908	0.7854476	0.3712190	0.7227507	0.8107457	0.8901759	0.0000000	0.7331030	0.4981258	0.6548152	0.2837209	0.1380838	0.9455208	0.3408122	1.0462969
0.7835071	0.9964298	0.9232157	0.9727481	0.7089784	0.2720154	1.0283401	1.1047657	0.0050163	0.0119771	0.9481090	0.5334006	1.0395981	0.9784630	0.5265077	0.2371472	1.0095288	0.9604583	1.0361671	0.9772336	0.3086419	1.0998747	1.0762622	0.9220469	1.0428125	0.4115172	0.0746571	0.3910804	0.4446043	0.5834182	0.9428058	0.7633450	0.0540131	0.8570752	0.6624910	0.0756610	0.8036230	0.3961323	0.7836214	0.7856450	0.8649841	0.8603293	0.0000000	0.4974324	0.6279805	0.3033518	0.0938847	0.9230627	0.2983299	0.9865169
0.7059478	0.8862602	0.9894115	1.1024913	0.7115830	0.2919820	0.9660633	1.0071849	0.0121665	0.0095929	1.0710655	0.4664150	1.0539274	0.9854713	0.5201296	0.2391400	1.0024011	0.9750095	0.9017019	0.8895860	0.3647603	0.9708012	1.0166334	0.9888193	1.0662773	0.3417884	0.0815132	0.3090149	0.3984133	0.6287799	0.8336498	0.7478545	0.0545051	0.8837853	0.7181768	0.1247023	0.7136733	0.4598532	0.8491182	0.8010376	0.9302890	0.8891250	0.7636064	0.0000000	0.5714207	0.2834190	0.0813771	0.9203833	0.2418611	0.9976847
0.7372929	0.8720934	1.0302073	0.9031643	0.7420720	0.2276315	1.0196960	1.0577098	0.0104829	0.0354472	0.9306780	0.4575741	0.9863172	0.9912854	0.5328814	0.2595122	0.9772822	1.0155875	0.8709722	0.9024432	0.3443313	1.0374488	0.8863585	1.0454021	1.0689669	0.3383433	0.1082996	0.3677989	0.4856633	0.6149677	0.8781765	0.6729278	0.0659658	0.9268521	0.7991062	0.0828725	0.7107402	0.4440200	0.9494964	0.7472119	0.9164465	0.8555318	0.7607244	0.4560487	0.0000000	0.2745371	0.1526072	1.0022341	0.3579342	0.9592008
0.6952621	1.1287923	0.9760824	0.9130634	0.7786473	0.2845105	0.9910924	0.9839015	0.0225314	0.0166462	1.0081333	0.4703409	1.0791294	0.8693746	0.4742548	0.2655489	0.9374736	1.0396722	0.9881431	1.0163986	0.3328408	1.0172689	1.0589347	1.0216472	1.0130812	0.2563581	0.0840550	0.3986904	0.4344339	0.6991414	0.8451524	0.7707998	0.0608166	0.7984151	0.6343244	0.1043415	0.7918117	0.4636107	0.7186778	0.8181485	0.9421272	0.9110241	0.6841968	0.3768764	0.6102132	0.0000000	0.1112601	0.8681299	0.3513597	1.0046147
0.6261160	0.9267633	1.0828961	1.0021682	0.7623271	0.3504221	1.0045503	0.9976029	0.0135361	0.0235638	1.1171610	0.5720723	1.0147666	0.9568455	0.4413723	0.3206917	1.0360033	1.0679143	1.0265991	1.0172517	0.3668383	1.0289879	1.0243195	0.9586853	1.0378438	0.3512673	0.1110900	0.4003063	0.5630087	0.6113672	0.8145417	0.6911310	0.0204886	0.8664941	0.6703219	0.1011585	0.7695663	0.4380611	0.8227675	0.8994731	0.7153951	0.8077534	0.7392696	0.5271507	0.7248587	0.2891014	0.0000000	1.1043940	0.2995798	0.9897608
0.6877417	0.9055972	1.0861604	0.9976611	0.7182469	0.2533042	1.0299034	0.9958778	0.0156441	0.0158342	1.0011109	0.5413147	0.9917252	1.1335427	0.4766448	0.2689106	1.0123166	0.9768084	0.8916917	0.9529797	0.3922237	1.0100723	1.0043234	0.9309874	0.9930570	0.3665748	0.0682039	0.3714649	0.3965562	0.6930922	0.8685176	0.8008390	0.0419849	0.7992123	0.6947071	0.1199156	0.7188256	0.4697154	0.9440226	0.8221056	0.9848125	0.9733720	0.7593810	0.4169135	0.7078942	0.3425718	0.0961087	0.0000000	0.3488877	0.9843649
0.7658848	1.0313553	1.1438647	0.9379568	0.7507381	0.2482104	0.9432584	0.9867568	0.0295711	0.0158572	1.1113784	0.5515799	1.0039641	0.9978440	0.4519244	0.2075009	1.0101802	1.0361005	1.0658335	1.1084049	0.3263993	1.0509643	0.9699937	0.9107696	0.9529787	0.3956574	0.0651170	0.4440102	0.4687282	0.6336289	0.7797776	0.5878239	0.0717896	0.8917892	0.6799586	0.1010688	0.8041061	0.4906059	0.6855565	0.8127491	0.8349175	0.8402603	0.7627222	0.5021999	0.5452103	0.3362456	0.0917034	0.8683139	0.0000000	1.0472660
0.6815159	0.9840445	1.1575424	0.9305831	0.6835351	0.2265783	1.0906589	0.9810984	0.0093866	0.0213551	1.0166971	0.5005082	1.0253787	0.9786751	0.5132245	0.2471807	1.0552299	0.9753704	0.9296621	1.1533572	0.3489077	0.9896484	1.0137394	0.9700695	1.0511372	0.3200446	0.0556837	0.4706953	0.3865308	0.5965726	0.8882867	0.6626194	0.0664490	0.8421630	0.7717557	0.1039289	0.8547509	0.4608134	0.8267993	0.7466452	0.7741357	0.9261212	0.8651918	0.5304860	0.6053980	0.3246463	0.1165575	0.9185265	0.3401490	0.0000000
